policy,replicate,seed,events,final_time,state_hash,generated,generated_critical,generated_background,delivered,delivered_critical,delivered_background,timely,timely_critical,timely_background,generated_utility,delivered_utility,timely_semantic_utility,energy,bytes_delivered,reroutes,handovers,mean_latency,max_queued,max_inflight,final_queued,final_inflight,critical_success_rate,background_success_rate,timely_task_rate,goal_utility_ratio,semantic_efficiency
qos,0,17296613955212415330,420,60.0,a9ccb301baba32e7202eb50069f5e496cfa097b24004c9054f94fa6644ec85a5,135,52,83,135,52,83,130,48,82,66.94000000000005,59.99994000000002,56.275560000000006,331.60000000000014,301.0,3,6,0.958997159659344,8,5,0,0,0.9230769230769232,0.9879518072289156,0.9629629629629628,0.8406865850014933,0.1697091676718937
qos,1,17815891478444219897,467,60.0,fa1e7c59a04b6abeca49611798d3e9ccdf8b7d531e814e459896439be44c818b,150,53,97,150,53,97,132,46,86,70.46000000000004,62.71920000000002,54.63236799999999,372.8000000000002,344.0,1,12,1.845144322352547,13,9,0,0,0.8679245283018868,0.8865979381443299,0.88,0.7753671302866869,0.1465460515021458
qos,2,16405280660730995745,421,60.0,d6325f9d754322f6d39c08dae709b9644d34c22a7a68dfb4fd7246a2ada9488e,135,43,92,135,43,92,133,41,92,59.55999999999997,54.03189199999999,52.22089199999999,350.5000000000002,319.0,0,13,0.904205183529672,4,8,0,0,0.9534883720930232,1.0,0.9851851851851852,0.8767779046339828,0.148989706134094
qos,3,1231977543173232774,425,60.0,1bfa817e2fc2f0327595f692c78489bbef0771dcb58fead98c35ef1794331283,137,46,91,137,46,91,116,34,82,62.37999999999997,55.15413999999999,42.89606800000002,347.26000000000016,319.0,1,9,2.113848580961569,17,9,0,0,0.7391304347826086,0.9010989010989012,0.8467153284671532,0.6876573901891638,0.1235272360767148
qos,4,11986166472657500349,380,60.0,848bddee9956dbad87b68008dec0abc979b1481dff939eb1bf048e5f0152de7f,122,46,76,122,46,76,100,33,67,59.67999999999998,53.045704,39.81918400000001,298.8400000000002,274.0,1,9,2.0023812430428327,19,9,0,0,0.717391304347826,0.881578947368421,0.819672131147541,0.6672115281501344,0.133245830544773
qos,5,10581747269026518101,405,60.0,209b9dbddde49350e0e13538380d4e9ef94fb767639bdf59e1b4ee45248f3561,132,40,92,132,40,92,114,32,82,56.55999999999998,50.04990400000003,41.31677600000001,342.46000000000004,316.0,1,4,1.7500298259297715,21,9,0,0,0.8,0.8913043478260869,0.8636363636363636,0.7304946251768039,0.1206470127898148
qos,6,16196392786833377876,405,60.0,20db126ac5c81b3fc193e39bcf3a405dbc0b21e80f30f94d02575053dfd768b4,132,31,101,132,31,101,118,23,95,49.17999999999998,44.73655600000001,36.16397600000003,366.76000000000016,334.0,1,4,1.5707315307454184,8,9,0,0,0.7419354838709677,0.9405940594059404,0.8939393939393939,0.735339080927207,0.0986039262733122
qos,7,17534945296664351195,406,60.0,b9991c6e3c3b33b95acf8c6ce763fb94c902fa1a93f6921233da5f375e53d0e7,129,51,78,129,51,78,124,46,78,65.04000000000002,59.30673999999999,54.65373999999999,310.74000000000024,285.0,0,16,0.8428722784473431,6,6,0,0,0.9019607843137256,1.0,0.9612403100775194,0.8403096555965556,0.1758825384565873
qos,8,7721524649270048244,462,60.0,020ba94d1fe1818f83cb4740eb4207bc8b8ec92df1b8dcd208f5ce409baa287a,148,44,104,148,44,104,131,34,97,62.71999999999997,56.725148000000026,46.60790400000003,384.0800000000002,356.0,0,15,1.5096658019605451,17,9,0,0,0.7727272727272727,0.9326923076923076,0.8851351351351351,0.7431107142857152,0.121349468860654
qos,9,12146459574082073627,368,60.0,12106fa26dc0571d0b419f6af9464c8081f93e4288e448806c2c4f329d87d43a,118,39,79,118,39,79,114,36,78,53.21999999999998,48.1076,45.36342,304.6200000000001,276.0,0,11,0.8722332527017402,7,9,0,0,0.9230769230769232,0.9873417721518988,0.9661016949152542,0.8523754227733937,0.1489180618475477
qos,10,17284053281970983378,392,60.0,37d8482f924316a079a48b15e5e9f47a35dedd16c2a40c112c1a8d7dd02462ad,126,40,86,126,40,86,121,39,82,55.479999999999976,50.34423999999999,48.81863199999998,325.54000000000013,298.0,0,11,1.3172812994636978,11,9,0,0,0.975,0.9534883720930232,0.9603174603174603,0.8799320836337419,0.1499620077409841
qos,11,7072431907313911855,394,60.0,b5a6968f68d66a6ab2dc3725fe0637eaa068be491c303b0ba67172bd5217146b,126,34,92,126,34,92,125,33,92,50.55999999999997,45.03399199999999,44.142992,343.3000000000001,310.0,1,11,0.7391233572733086,3,6,0,0,0.9705882352941176,1.0,0.992063492063492,0.8730813291139244,0.1285843052723564
qos,12,3070316127303719649,521,60.0,ce15805ddfe8c70d6a48e86d1d75a8e69cf1dcdf7939501ba58e368493c1c528,170,44,126,170,44,126,157,38,119,66.68000000000002,59.208863999999984,52.415856000000005,463.4000000000006,422.0,0,8,1.4004160617292885,16,9,0,0,0.8636363636363636,0.9444444444444444,0.923529411764706,0.7860806238752248,0.1131114717306861
qos,13,3768509306115833742,483,60.0,a688bab95725115082afa310388648770f34c64978d064262c68c57601bcff69,155,43,112,155,43,112,148,37,111,63.15999999999997,57.305584000000046,51.54320400000004,414.6400000000002,379.0,0,15,0.9338836036591788,12,9,0,0,0.8604651162790697,0.9910714285714286,0.9548387096774194,0.8160735275490827,0.1243083252942311
qos,14,7361633738482078192,462,60.0,0d50a55d7f16335c721910aa65b33b867fd1aed2c79330dd26f122517b1ab0ff,150,43,107,150,43,107,148,41,107,62.25999999999997,55.59454800000001,53.61454800000001,400.00000000000017,364.0,0,9,0.7840185086156648,7,6,0,0,0.9534883720930232,1.0,0.9866666666666668,0.8611395438483784,0.13403637
qos,15,10873220219941715188,378,60.0,b3a24e7fdc93ca4f6108037bfc1a1019802c1491ab73cf386ccc1def8b1dec17,122,34,88,122,34,88,116,28,88,49.839999999999975,44.726292,38.98429200000004,327.70000000000005,298.0,1,7,1.01288906513115,6,8,0,0,0.8235294117647058,1.0,0.9508196721311476,0.7821888443017668,0.1189633567287153
qos,16,12623579580488790635,424,60.0,ab332ac4ffb9cc4bee2cf320127342390e7ac5ba1fb23cdab3b66704aebf9558,138,49,89,138,49,89,128,40,88,65.01999999999998,57.25631200000003,48.82093199999999,348.40000000000026,316.0,1,5,1.29342995155605,10,9,0,0,0.8163265306122449,0.9887640449438202,0.927536231884058,0.7508602276222701,0.1401289667049367
qos,17,10365885337706254127,426,60.0,dae54b21e9b2370a32d3c7621a7691e0839679c3f2ce9e6c8fab5a4397522d41,138,45,93,138,45,93,126,37,89,61.73999999999998,56.43002399999998,48.05352000000001,352.6200000000001,324.0,0,9,1.3920275715861476,13,9,0,0,0.8222222222222222,0.956989247311828,0.9130434782608696,0.7783206997084553,0.1362756508422664
qos,18,1449579985928280938,510,60.0,f37f142bcb9a13791ab2e22a24b113c4a6c97002aebdda4e2e94c85b1220355e,167,47,120,167,47,120,132,28,104,68.60000000000007,61.41129199999999,41.700452,443.5400000000004,407.0,0,6,2.446043469756773,28,9,0,0,0.5957446808510638,0.8666666666666667,0.7904191616766467,0.6078783090379003,0.0940173422915632
qos,19,10996544217852071282,470,60.0,cbd9f014a3ab31005ece1ffeb8ddee00c3eee5e1fd15880588510d3c20a77bc6,151,52,99,151,52,99,148,49,99,69.82000000000002,62.25988400000003,59.48788400000003,382.1200000000002,349.0,0,14,0.7062436080865343,4,7,0,0,0.9423076923076924,1.0,0.9801324503311258,0.8520178172443428,0.1556785407725321
qos,20,2868059839975754254,442,60.0,d756458e0966e50c0ef90edf56d22a049a1b57f98b6b5147dce9817c9d7a7469,142,42,100,142,42,100,132,35,97,59.99999999999998,54.277608,46.912008000000014,374.7600000000003,342.0,1,11,1.0422475696203304,8,7,0,0,0.8333333333333334,0.97,0.9295774647887324,0.7818668000000005,0.1251788024335574
qos,21,16297227859518275325,409,60.0,c10e3fbb71f92b483e73e23adf3a5062aa508eb09f9deaf79efe736893fd123f,131,44,87,131,44,87,128,42,86,59.659999999999975,53.91195199999997,51.75375199999997,335.6000000000001,305.0,0,13,0.9531660870185192,8,5,0,0,0.9545454545454546,0.9885057471264368,0.9770992366412212,0.8674782433791484,0.1542126102502978
qos,22,3080738017695136020,425,60.0,71cdfbedff75bdc56dd3c8d7f94641e698d3e307ee1a4389b2d1c4652adad3ba,136,38,98,136,38,98,131,35,96,55.63999999999998,50.1621,47.06934,364.2200000000002,332.0,1,12,1.0044568176554527,6,7,0,0,0.9210526315789472,0.979591836734694,0.9632352941176472,0.8459622573687997,0.1292332656086979
qos,23,12755441364100385393,403,60.0,6513715bf5123c8997864108bc2babe2fa1c3d208837c0e022a0fcf68e31e2b8,128,45,83,128,45,83,128,45,83,59.939999999999976,54.15587199999996,54.15587199999996,320.64000000000016,294.0,1,14,0.7390834925031737,3,9,0,0,1.0,1.0,1.0,0.903501368034701,0.1688993013972053
qos,24,6613960073083859421,396,60.0,b7c476a797990707c2502917f3dfe55205354f3b6b12538e3c16c8952863eec6,128,40,88,128,40,88,119,36,83,55.839999999999975,50.157832,45.58289200000001,332.2600000000001,304.0,1,7,1.2282005806722356,14,9,0,0,0.9,0.9431818181818182,0.9296875,0.8163125358166194,0.1371904291819659
qos,25,2174866923271902063,424,60.0,a1970c727c8372d5cedaa6e0d467b3bf4eea947cd0d9702b038cd069a63c166e,138,42,96,138,42,96,109,27,82,59.27999999999998,53.73910800000001,38.97462000000001,358.6200000000002,330.0,0,7,2.434032112677896,25,9,0,0,0.6428571428571429,0.8541666666666666,0.7898550724637681,0.6574665991902837,0.1086794378450727
qos,26,10536966481473086252,457,60.0,5175d4c9d4225f7e68344e92d5b06ba985847e7a987bd865857d1eaa5db81845,147,55,92,147,55,92,125,40,85,71.56000000000012,63.950008000000025,49.51019200000003,360.8800000000002,331.0,1,11,1.5270305246618134,14,9,0,0,0.7272727272727273,0.9239130434782608,0.8503401360544217,0.6918696478479591,0.1371929505652848
qos,27,18071393807982204052,398,60.0,6595b66a2c03151c6293bc665318a084757212a1e8a481278e0257f6064d17c5,130,45,85,130,45,85,124,40,84,60.299999999999976,53.687836000000026,48.98545600000001,325.5600000000002,300.0,0,5,1.0896431621740048,14,9,0,0,0.8888888888888888,0.9882352941176472,0.953846153846154,0.8123624543946938,0.1504652168571077
qos,28,8480729212232741984,404,60.0,be1b06014bb9f3aea6305c7feb2602314bd5da8be51218dcc94f1b3f8fe0ab9d,129,37,92,129,37,92,116,31,85,53.55999999999998,47.738432,41.049728,338.38000000000017,313.0,0,14,1.7268058110546056,17,9,0,0,0.8378378378378378,0.9239130434782608,0.8992248062015504,0.7664250933532488,0.1213125125598438
qos,29,16917042041450296431,389,60.0,ffe455929f6333cc93ae604b25d8c4baaaa0a965233e66f5ff998caf7ea82fcd,126,47,79,126,47,79,120,42,78,61.21999999999998,53.91822399999999,49.275224,311.7200000000001,284.0,0,8,1.105842468286129,9,8,0,0,0.8936170212765957,0.9873417721518988,0.9523809523809524,0.8048876837634762,0.1580752726806107
semantic,0,17296613955212415330,440,60.0,20f96985b93b8f2a3d078d79ad58451706f796bef4af6ead0e300a953b88c8d6,142,55,87,142,55,87,130,46,84,70.66000000000004,63.37211200000002,54.77453200000003,343.3600000000001,316.0,3,5,1.4983795203572323,15,9,0,0,0.8363636363636363,0.9655172413793104,0.9154929577464788,0.7751844324936314,0.1595250815470643
semantic,1,17815891478444219897,394,60.0,3f5386671fba1dd8544007763c94e4dbafb900ea7f03919c7b9170a4fcc359c1,126,41,85,126,41,85,117,37,80,56.299999999999976,50.57759600000001,46.215151999999975,326.9600000000001,296.0,1,11,1.4663197969003507,11,7,0,0,0.902439024390244,0.9411764705882352,0.9285714285714286,0.8208730373001776,0.1413480303401026
semantic,2,16405280660730995745,422,60.0,1c8cfd1add5fb254244fb448b2a08e124348d392818c1a797d70f00a42cca3c7,136,41,95,136,41,95,130,36,94,58.09999999999997,52.57631999999999,47.64611999999999,356.0600000000002,326.0,0,11,1.095183701902358,10,9,0,0,0.8780487804878049,0.9894736842105264,0.9558823529411764,0.82007091222031,0.1338148626635959
semantic,3,1231977543173232774,404,60.0,f6e630124521befa19a74bb75d10261e4043b3169c4a091ddfbaacc5b6b50117,130,45,85,130,45,85,130,45,85,60.299999999999976,53.677064,53.677064,328.26000000000016,300.0,0,11,0.6707734659059689,4,9,0,0,1.0,1.0,1.0,0.890166898839138,0.1635199658807042
semantic,4,11986166472657500349,379,60.0,ce101dfba8a21a0f979fc913223cdf3b458e4b7cf2351adf1a46956b6ec77a22,122,47,75,122,47,75,114,40,74,60.49999999999998,53.96677999999999,47.56939999999999,297.3800000000001,272.0,1,8,1.179409354583537,12,9,0,0,0.851063829787234,0.9866666666666668,0.9344262295081968,0.7862710743801654,0.1599616652094961
semantic,5,10581747269026518101,404,60.0,b6b04d4b8767057adac71de2dfc8a48b37dce8e1f5a1a48ec6c557845a9c89b0,131,40,91,131,40,91,130,40,90,56.37999999999998,50.30807199999999,50.14769199999999,341.4400000000001,313.0,1,6,0.6810016935997105,2,7,0,0,1.0,0.989010989010989,0.9923664122137404,0.8894588861298333,0.1468711691658855
semantic,6,16196392786833377876,413,60.0,e64537bd6bbb73e1ba109f1fe7f9b125abd57c96747c7d7219a26f588024a908,134,39,95,134,39,95,131,36,95,56.09999999999998,50.80140800000002,48.029408000000025,358.74000000000024,324.0,0,8,0.9740340030182038,6,9,0,0,0.9230769230769232,1.0,0.9776119402985076,0.8561391800356514,0.1338836148742822
semantic,7,17534945296664351195,381,60.0,6f7def5ab08abc63e50cd9bb9b99bfdd1f6991b72be74a33df81a91369e30913,122,48,74,122,48,74,118,45,73,61.31999999999999,55.29177600000001,52.576596000000016,295.20000000000016,270.0,0,12,0.8037135754592158,6,7,0,0,0.9375,0.9864864864864864,0.9672131147540984,0.8574135029354212,0.1781049999999999
semantic,8,7721524649270048244,429,60.0,32eeacd0cffccc57149762ba5b26731359f49328dbcf189d67cec99a07b2f87d,138,40,98,138,40,98,134,36,98,57.63999999999997,52.15007200000001,48.388072000000015,363.8800000000002,334.0,0,12,0.6855513883842344,6,8,0,0,0.9,1.0,0.9710144927536232,0.83948771686329,0.1329781026712102
semantic,9,12146459574082073627,363,60.0,72d4713b520011d092601d085abaa35f4fbdf682840762102549e81ef2fe6d7c,116,39,77,116,39,77,113,37,76,52.85999999999998,47.04802799999999,45.22384799999999,297.7200000000001,270.0,0,12,0.8576090147495506,7,9,0,0,0.9487179487179488,0.987012987012987,0.9741379310344828,0.855540068104427,0.1519006045949213
semantic,10,17284053281970983378,393,60.0,47b5266423157c620c15c780a65d1d5b9bdd2080f0b8d8bed2e485517317b175,126,37,89,126,37,89,121,35,86,53.019999999999975,47.91110000000004,45.75179600000003,332.98000000000025,304.0,0,12,1.2868086997672403,11,9,0,0,0.945945945945946,0.9662921348314608,0.9603174603174603,0.8629158053564702,0.1374010330950807
semantic,11,7072431907313911855,436,60.0,4ae5a966257dba14326ced0a53d5e26079b924f29f20471bd8586bab6214f4e5,140,36,104,140,36,104,138,35,103,54.71999999999997,49.16585999999998,48.11447999999999,379.6800000000002,348.0,1,11,0.9051818115396544,6,9,0,0,0.9722222222222222,0.9903846153846154,0.9857142857142858,0.8792850877192985,0.1267237673830593
semantic,12,3070316127303719649,501,60.0,9cb4b51cfac2b83152c91d76c5c51ac04c1107895b52e65d422a7f4747170e45,161,44,117,161,44,117,157,41,116,65.05999999999997,58.58823599999995,55.53903599999999,433.8800000000005,395.0,0,15,1.097537645359815,10,6,0,0,0.9318181818181818,0.9914529914529916,0.9751552795031057,0.8536587150322781,0.1280055222642203
semantic,13,3768509306115833742,500,60.0,e5b6cf006ddf7c4f051d15e5bdca0070cd7d7a7b593ed45d878382f18d9ebc0b,161,48,113,161,48,113,157,46,111,68.34000000000005,61.65629199999999,59.653912,426.4200000000003,387.0,0,14,0.9337337474360332,9,9,0,0,0.9583333333333334,0.9823008849557522,0.9751552795031057,0.8728989171788112,0.1398947328924533
semantic,14,7361633738482078192,461,60.0,0acfc4927c4bb7e412959e58dcc3df2a16dd2e35cbe0356576aba34f6efb277d,149,40,109,149,40,109,144,36,108,59.61999999999997,51.935292000000025,48.21229200000001,401.5600000000001,367.0,0,11,0.9442198722461234,7,9,0,0,0.9,0.9908256880733946,0.9664429530201344,0.8086597115062066,0.1200624863034166
semantic,15,10873220219941715188,384,60.0,7bd1b0a99dbfbd9b1259c023feaed6f1c0548d30acdef53fb11fc24cbb190b15,124,39,85,124,39,85,115,33,82,54.299999999999976,48.576436,42.50585600000001,323.8800000000001,294.0,1,7,1.290103240755165,14,9,0,0,0.8461538461538461,0.9647058823529412,0.9274193548387096,0.7827966114180483,0.1312395208101766
semantic,16,12623579580488790635,436,60.0,ebd4420d3a71b131e8b7990078f9150107f2577bb2320e6e74ab2ba627334119,142,45,97,142,45,97,136,40,96,62.45999999999997,55.88750800000005,51.27212800000002,370.20000000000016,336.0,1,5,1.0472577180386895,9,7,0,0,0.8888888888888888,0.9896907216494846,0.9577464788732394,0.8208794108229274,0.138498454889249
semantic,17,10365885337706254127,445,60.0,f0034fc23bb57c9bc7f896daddbe6deac45ed290fb92b124defca81da889b4bc,142,40,102,142,40,102,139,37,102,58.35999999999998,52.61990000000005,49.86710000000005,373.72000000000014,346.0,0,16,0.8958031863278764,6,9,0,0,0.925,1.0,0.9788732394366196,0.8544739547635378,0.1334343893824254
semantic,18,1449579985928280938,444,60.0,57a97a52f1a500b392cb90aea8a99ca830ecb086844d177317a34868edcf3558,144,50,94,144,50,94,130,39,91,66.92000000000002,61.194184,50.37022400000001,365.8400000000003,332.0,1,7,1.2481158574605076,12,9,0,0,0.78,0.9680851063829788,0.9027777777777778,0.7526931261207411,0.1376837524600917
semantic,19,10996544217852071282,465,60.0,aaf24d9ad02446fb77bd98e37bdf552acef3eaa0c88dcba2b5337a1c3bcbd2f6,150,45,105,150,45,105,122,38,84,63.89999999999997,57.46602800000009,47.38026800000007,392.5800000000003,360.0,1,10,2.418896889950776,29,9,0,0,0.8444444444444444,0.8,0.8133333333333334,0.7414752425665116,0.1206894594732284
semantic,20,2868059839975754254,425,60.0,0368021c12abe73d2c3e59a5ea152c78d229cb1a767a07dd8a0fbb29f5e50281,136,39,97,136,39,97,123,35,88,56.45999999999998,50.20918799999999,44.96982,359.7000000000003,330.0,1,12,1.6745201754605286,16,9,0,0,0.8974358974358975,0.9072164948453608,0.9044117647058824,0.7964899043570672,0.1250203502919098
semantic,21,16297227859518275325,483,60.0,92ab40e7fb8237ee036fbe1aa573502be2e15b926f073fb2c8ef4b6ae282d750,155,54,101,155,54,101,143,45,98,72.18000000000008,64.51171199999999,55.51273199999999,389.0400000000003,357.0,0,15,1.3337647541923456,12,9,0,0,0.8333333333333334,0.9702970297029704,0.9225806451612903,0.7690874480465494,0.1426915792720541
semantic,22,3080738017695136020,430,60.0,ff0cfc5d0561f737d6ce8455bf1f3af6551cebf8b8bd9bf8acb59bf478a0f701,139,38,101,139,38,101,134,35,99,56.17999999999998,49.93162000000002,46.93264000000003,370.7000000000002,341.0,1,8,1.1987994586826776,10,9,0,0,0.9210526315789472,0.9801980198019802,0.9640287769784172,0.8353976504093992,0.1266054491502562
semantic,23,12755441364100385393,417,60.0,338764fbdec0972aa8deb5cc7a8629918c38e250930e22305a750c605e799921,132,51,81,132,51,81,123,47,76,65.58,59.46440800000001,54.97880000000001,320.64000000000016,294.0,1,16,1.3418059318037012,13,9,0,0,0.9215686274509804,0.9382716049382716,0.9318181818181818,0.8383470570295823,0.1714658183632734
semantic,24,6613960073083859421,452,60.0,f0c1d5bd6ead4c3c6975f2cc1c2f4ac8a1195335a3bd59de5bb17c7787c3142c,146,44,102,146,44,102,141,40,101,62.35999999999997,56.038275999999975,52.08167599999999,380.0600000000002,350.0,1,9,1.1707781334185756,11,9,0,0,0.9090909090909092,0.9901960784313726,0.9657534246575342,0.8351776138550354,0.1370354049360626
semantic,25,2174866923271902063,419,60.0,aa9363e179d03d432674c79ab65e649b0799e24110a286684ab7a7fe69d6b7fa,135,38,97,135,38,97,118,34,84,55.45999999999998,50.72365199999997,44.663808,360.8600000000002,329.0,0,11,1.7314594438254869,13,9,0,0,0.8947368421052632,0.865979381443299,0.8740740740740741,0.8053337179949516,0.1237704594579614
semantic,26,10536966481473086252,426,60.0,bea4a9091876df043d305a3e6718a8b9d5be5f4f8ee0327f6e5c5a0550916b6d,136,51,85,136,51,85,129,45,84,66.29999999999998,58.98976799999996,53.79116799999996,336.0600000000001,306.0,0,15,1.2113945984283048,13,9,0,0,0.8823529411764706,0.9882352941176472,0.9485294117647058,0.8113298340874808,0.1600641790156518
semantic,27,18071393807982204052,406,60.0,3aa1e00199f8c753b74e10a2ae91440f5b1a920a6a9e65f6b8dcc0680ad5fc02,133,53,80,133,53,80,131,51,80,67.40000000000003,59.97375599999998,58.191755999999984,317.6600000000001,293.0,0,4,0.5851613201426896,5,6,0,0,0.9622641509433962,1.0,0.9849624060150376,0.8633791691394652,0.1831888056412515
semantic,28,8480729212232741984,428,60.0,befd2dfed49a96006c0b6bd670aae178d48916a9490942d5cfed8175ca6b5762,138,42,96,138,42,96,129,36,93,59.27999999999998,53.05486800000002,46.797468000000016,356.6400000000001,330.0,0,11,1.153305700564984,7,9,0,0,0.8571428571428571,0.96875,0.9347826086956522,0.7894309716599196,0.1312176648721399
semantic,29,16917042041450296431,407,60.0,3d585babdbb66bf71fd12579a021ee030175fe22e699d8c7685205d89a1fef01,132,43,89,132,43,89,127,39,88,59.019999999999975,52.742612,48.81501200000001,338.9800000000002,310.0,0,8,1.0780132805806697,9,7,0,0,0.9069767441860463,0.9887640449438202,0.9621212121212122,0.8270927143341246,0.144005581450233
throughput,0,17296613955212415330,451,60.0,2b41dbe7cd33ec03fe3e92b47f1b9bd2c98b4fdcb5ccced17c2e475fa9105e6d,147,47,100,147,47,100,130,36,94,64.99999999999999,58.527384000000026,47.50444399999999,374.5400000000001,347.0,0,7,1.7735789821593488,21,9,0,0,0.7659574468085106,0.94,0.8843537414965986,0.7308376000000001,0.1268341004966091
throughput,1,17815891478444219897,421,60.0,2001d199e2b7105ad4333352ab3f07e1754f2b868d3ec1d4031ffa042e96538e,136,51,85,136,51,85,127,43,84,66.3,59.67952800000003,52.09414800000002,335.3400000000002,306.0,2,6,1.219103793826492,9,6,0,0,0.8431372549019608,0.9882352941176472,0.9338235294117648,0.7857337556561089,0.1553472535337269
throughput,2,16405280660730995745,380,60.0,9ee2d40346e26018b31e24efde3da7f5cb11820854620c904d60ed3a1e7f3298,120,40,80,120,40,80,120,40,80,54.399999999999984,49.85377999999997,49.85377999999997,303.7600000000001,280.0,1,15,0.7610048913094661,2,9,0,0,1.0,1.0,1.0,0.9164297794117644,0.164122267579668
throughput,3,1231977543173232774,459,60.0,1bfecd877ba05a1c279a896fa21b18093184f0378fe0ca5534191b3d7d2d8c21,150,54,96,150,54,96,148,52,96,71.28000000000003,63.62812000000005,61.64812000000005,371.3400000000002,342.0,0,6,0.835518427422455,5,9,0,0,0.9629629629629628,1.0,0.9866666666666668,0.864872615039282,0.1660152959551893
throughput,4,11986166472657500349,410,60.0,a19521e1646ddaca81f0e5f6211be83d9ae2ba94247b7243767054e1edd710cc,131,49,82,131,49,82,113,36,77,63.75999999999998,56.859220000000015,44.30844000000005,323.26000000000016,295.0,1,12,1.7649801417078843,23,9,0,0,0.7346938775510204,0.9390243902439024,0.8625954198473282,0.6949253450439157,0.1370674998453258
throughput,5,10581747269026518101,445,60.0,312c93acd77338681f1999042742e8fbf21b0ad7aeff3752b9ab9e5408166846,142,48,94,142,48,94,136,45,91,64.92000000000002,58.09432000000006,54.79436000000005,359.8800000000001,330.0,2,12,1.0933069063004583,13,9,0,0,0.9375,0.9680851063829788,0.9577464788732394,0.8440289587184233,0.1522573079915528
throughput,6,16196392786833377876,439,60.0,42a15a9578b4d524566b2097775dd0ab9a11e76a540db9d6a4396adc06e26aeb,143,37,106,143,37,106,128,31,97,56.07999999999998,50.501784,43.235596000000015,387.4000000000002,355.0,1,5,1.739810006104519,14,9,0,0,0.8378378378378378,0.9150943396226416,0.8951048951048951,0.7709628388017125,0.1116045327826535
throughput,7,17534945296664351195,399,60.0,c75b72ceb79a2ccb48342f48899b2cc1886bdb6dd7fd3d6aed657c36dc5dedb7,127,45,82,127,45,82,124,43,81,59.759999999999984,53.31291600000002,51.370536000000016,318.00000000000017,291.0,1,13,0.7908668072248731,6,9,0,0,0.9555555555555556,0.9878048780487804,0.9763779527559056,0.8596140562249001,0.1615425660377358
throughput,8,7721524649270048244,444,60.0,5ab47a1af0b37db4055ac5d78b5834964a1423d248bc111fb7ee2cc1b9e07d1c,144,43,101,144,43,101,129,39,90,61.17999999999997,53.44087199999995,47.898647999999966,377.3200000000003,346.0,0,9,1.710562899031683,13,9,0,0,0.9069767441860463,0.8910891089108911,0.8958333333333334,0.7829135011441646,0.1269443655252834
throughput,9,12146459574082073627,373,60.0,9bd6c83c167f42eee22802a01a14ef23130afc5027bf87718eb9eb7d7862328f,119,35,84,119,35,84,107,26,81,50.119999999999976,45.05507600000001,36.69441200000003,314.36000000000007,287.0,0,13,1.443494594620086,9,8,0,0,0.7428571428571429,0.9642857142857144,0.8991596638655462,0.7321311252992826,0.1167273571701234
throughput,10,17284053281970983378,376,60.0,8ac2e9ce37fe6d98503dc1c2fc93338e4802559036b1fcddd555d5154a498b40,120,45,75,120,45,75,114,40,74,58.49999999999998,52.285928000000006,47.425728000000014,297.5400000000001,270.0,1,11,1.1088659103257583,7,7,0,0,0.8888888888888888,0.9866666666666668,0.95,0.8106962051282056,0.1593927808025811
throughput,11,7072431907313911855,437,60.0,be8f7cecbca561777d07dfaaa7914eb2f6cc59cbe4d2b2ac4827ce6103f2f8fd,142,42,100,142,42,100,139,40,99,59.99999999999998,53.89512800000001,51.875024,371.3400000000002,342.0,0,8,0.9861024028024744,7,8,0,0,0.9523809523809524,0.99,0.9788732394366196,0.8645837333333337,0.1396968384768674
throughput,12,3070316127303719649,464,60.0,9e3edefda7fb552efc24ee8a948821f0c8fe5848336897136d4b9d61855f8980,149,42,107,149,42,107,148,41,107,61.25999999999997,54.489843999999984,53.49984399999998,398.4600000000004,363.0,0,14,0.7599548973422637,5,6,0,0,0.9761904761904762,1.0,0.9932885906040269,0.8733242572641203,0.1342665361642321
throughput,13,3768509306115833742,486,60.0,3324d754e7e8b4fc2486968c9436cca3f8227047df864523a1f708692adccbea,154,51,103,154,51,103,151,48,103,69.54000000000008,62.234432,59.561432,395.2800000000004,360.0,3,15,0.8998150075715636,5,9,0,0,0.9411764705882352,1.0,0.9805194805194806,0.8565060684498121,0.1506816231532077
throughput,14,7361633738482078192,477,60.0,54b4e7cb1365c3be7e7e6d5a24c2b49184f69b4ff1fe71d4b69a83d4ed456818,152,46,106,152,46,106,131,33,98,65.08,58.29761600000001,44.782648,400.0000000000004,364.0,5,8,1.7824911220938988,17,9,0,0,0.717391304347826,0.9245283018867924,0.8618421052631579,0.6881169022741241,0.1119566199999998
throughput,15,10873220219941715188,376,60.0,0c87787c7fc279711190ec3a44d97c648ce8a19f63941c16863fa7c231629fd4,121,43,78,121,43,78,118,40,78,57.03999999999998,50.536572,47.66557200000002,304.00000000000006,277.0,1,8,1.029191962254263,8,7,0,0,0.9302325581395348,1.0,0.975206611570248,0.8356516830294537,0.1567946447368421
throughput,16,12623579580488790635,441,60.0,67330db399c89b6357f91eabd7187fdfc164511349f98d5da41efd553763553f,145,44,101,145,44,101,131,31,100,62.17999999999998,55.750156000000025,43.49395600000001,379.9400000000002,347.0,0,3,1.2929685254962795,9,9,0,0,0.7045454545454546,0.99009900990099,0.903448275862069,0.6994846574461245,0.1144758540822234
throughput,17,10365885337706254127,387,60.0,7ff755a84b89a6049e593e1ae5f6dbf2d5a50bdb64b9192823c3e75095e8ec22,124,40,84,124,40,84,119,35,84,55.11999999999998,49.95163999999996,45.29863999999999,316.66000000000014,292.0,1,10,0.851223727888286,5,6,0,0,0.875,1.0,0.9596774193548387,0.8218185776487663,0.1430513484494409
throughput,18,1449579985928280938,447,60.0,d15676633a828c71de3a3c4a2084b81f499f3dbd24d3c3a6faa25020c82ce970,145,45,100,145,45,100,115,29,86,62.99999999999997,56.293336,39.57625600000001,376.14000000000016,345.0,0,9,2.362804504052146,21,9,0,0,0.6444444444444445,0.86,0.7931034482758621,0.6281945396825401,0.1052168235231562
throughput,19,10996544217852071282,457,60.0,3e4559a7461c782cc2b3dad2dec269db4d9d712f334c3dccee28e522cc4fabda,148,50,98,148,50,98,140,45,95,67.64000000000004,60.67701200000005,55.537052000000045,373.7000000000001,344.0,0,10,1.07502510285175,10,9,0,0,0.9,0.9693877551020408,0.945945945945946,0.8210681845062094,0.1486140005351887
throughput,20,2868059839975754254,420,60.0,2820514533f8ff40b32ffaef122c75a345da274938fbbf5fbd52d7149c4ac6cb,135,42,93,135,42,93,135,42,93,58.73999999999997,52.29417999999998,52.29417999999998,351.24000000000024,321.0,1,10,0.7169326191678751,4,6,0,0,1.0,1.0,1.0,0.8902652366360233,0.1488844664616784
throughput,21,16297227859518275325,446,60.0,baf83e9b0f23d86102226375f52659b156df6838c92c8eeec481db7ba9d41c6a,144,46,98,144,46,98,138,40,98,63.63999999999998,57.84605600000002,52.104056000000014,370.78000000000014,340.0,0,11,1.0300768768636588,9,9,0,0,0.8695652173913043,1.0,0.9583333333333334,0.8187312382149596,0.1405255299638599
throughput,22,3080738017695136020,442,60.0,211a31e45ecd00b61f928d984b26f4a239b612f8fde8e8720f975d0d7b18687f,143,38,105,143,38,105,134,33,101,56.89999999999998,50.33749599999999,45.21197599999999,383.4200000000002,353.0,0,10,1.1517205923709055,8,9,0,0,0.868421052631579,0.961904761904762,0.9370629370629372,0.7945865729349738,0.1179176255803034
throughput,23,12755441364100385393,446,60.0,f77c4fbeda5080332452ed9a792a7c830fbf283fe92fcdc5311c073f5459025b,143,43,100,143,43,100,134,37,97,60.99999999999997,54.01049200000001,47.832892,375.22000000000025,343.0,1,12,1.2628949308482964,11,9,0,0,0.8604651162790697,0.97,0.9370629370629372,0.7841457704918037,0.1274795906401576
throughput,24,6613960073083859421,375,60.0,10a08b3a86fd44c3edea5b8dfe0473ef5080598cfc9d666b8b93d50c40556d21,121,40,81,121,40,81,119,39,80,54.57999999999998,48.83520400000001,47.783824,311.6200000000001,283.0,0,9,0.7900694784824145,4,5,0,0,0.975,0.9876543209876544,0.9834710743801652,0.8754823012092345,0.1533400423592837
throughput,25,2174866923271902063,479,60.0,b2219de8ba2143ffecc599e938545118374230829246212e98663ca7207ec518,152,42,110,152,42,110,146,39,107,61.79999999999997,55.06453600000003,51.73712800000003,403.6800000000002,372.0,0,20,1.0639598093277067,7,9,0,0,0.9285714285714286,0.9727272727272728,0.9605263157894736,0.8371703559870559,0.1281637138327388
throughput,26,10536966481473086252,435,60.0,ca466e7d6de45e2d6a97c92c089ff8f8231b9a192834a3113168bea7c81df52b,138,54,84,138,54,84,129,48,81,69.12000000000005,62.43837199999999,56.098411999999975,334.98000000000025,306.0,1,16,1.0682314970551563,8,7,0,0,0.8888888888888888,0.9642857142857144,0.9347826086956522,0.8116089699074065,0.1674679443548866
throughput,27,18071393807982204052,425,60.0,31598ef036fd7ffe9ca09efff77ef655a255dde86dad00ae7a25d76b5c86802a,137,45,92,137,45,92,110,32,78,61.55999999999997,55.082963999999976,40.968884,345.1200000000002,321.0,1,9,1.9404454796592585,19,9,0,0,0.7111111111111111,0.8478260869565217,0.8029197080291971,0.6655114359974011,0.1187090982846545
throughput,28,8480729212232741984,444,60.0,652f1afec317efc0c234a9a66aca355297d158d5e668c3e430a6cf66d5235ec4,143,40,103,143,40,103,129,31,98,58.53999999999998,52.25677999999997,43.21898000000001,378.52000000000027,349.0,1,10,1.7261444792697576,13,9,0,0,0.775,0.9514563106796116,0.902097902097902,0.7382811752647767,0.1141788544858923
throughput,29,16917042041450296431,374,60.0,38e63adc0979b9588642dd4c6ac81a296b236013cb52622fe995184f32bbef3a,120,47,73,120,47,73,120,47,73,60.13999999999998,53.315996000000005,53.315996000000005,290.84000000000003,266.0,0,11,0.7445807274781825,4,5,0,0,1.0,1.0,1.0,0.886531360159628,0.1833172741025993
