regime,trace_index,model,values,above_30,above_20,max_rate,p999_rate
id,0,cfc,279,0,0,4.2932329177856445,4.268069744110107
id,0,gru_dt,279,0,0,4.26880407333374,4.22683572769165
id,0,lstm_dt,279,0,0,4.187530040740967,4.170238018035889
id,0,mlp_dt,279,0,0,4.066923141479492,4.024484634399414
id,0,gru_param_matched,279,0,0,4.4325852394104,4.413541316986084
id,0,constant,279,0,0,1.9818673133850098,1.9818673133850098
id,1,cfc,261,0,0,2.9567556381225586,2.8521032333374023
id,1,gru_dt,261,0,0,2.6858246326446533,2.618452787399292
id,1,lstm_dt,261,0,0,2.7947468757629395,2.793447494506836
id,1,mlp_dt,261,0,0,2.963273763656616,2.881502866744995
id,1,gru_param_matched,261,0,0,2.8959240913391113,2.8586301803588867
id,1,constant,261,0,0,1.9818673133850098,1.9818673133850098
id,2,cfc,267,0,0,3.4648759365081787,3.3754255771636963
id,2,gru_dt,267,0,0,3.258636236190796,3.189805507659912
id,2,lstm_dt,267,0,0,3.6262271404266357,3.513474225997925
id,2,mlp_dt,267,0,0,3.5336639881134033,3.422091007232666
id,2,gru_param_matched,267,0,0,3.5333285331726074,3.4520204067230225
id,2,constant,267,0,0,1.9818673133850098,1.9818673133850098
id,3,cfc,270,0,0,3.1766927242279053,3.1711316108703613
id,3,gru_dt,270,0,0,3.2009122371673584,3.171470880508423
id,3,lstm_dt,270,0,0,3.250755548477173,3.230841636657715
id,3,mlp_dt,270,0,0,3.0578112602233887,3.054814338684082
id,3,gru_param_matched,270,0,0,3.0713953971862793,3.049412250518799
id,3,constant,270,0,0,1.9818673133850098,1.9818673133850098
id,4,cfc,246,0,0,4.6357550621032715,4.618922710418701
id,4,gru_dt,246,0,0,4.91060209274292,4.869275093078613
id,4,lstm_dt,246,0,0,5.069303512573242,4.988498687744141
id,4,mlp_dt,246,0,0,4.581370830535889,4.564061164855957
id,4,gru_param_matched,246,0,0,5.044467449188232,4.998178958892822
id,4,constant,246,0,0,1.9818673133850098,1.9818673133850098
id,5,cfc,282,0,0,3.3760972023010254,3.240398645401001
id,5,gru_dt,282,0,0,3.1283907890319824,3.052624225616455
id,5,lstm_dt,282,0,0,3.5389723777770996,3.3938045501708984
id,5,mlp_dt,282,0,0,3.3690452575683594,3.2764334678649902
id,5,gru_param_matched,282,0,0,3.4116134643554688,3.278934955596924
id,5,constant,282,0,0,1.9818673133850098,1.9818673133850098
id,6,cfc,282,0,0,4.730508327484131,4.73013162612915
id,6,gru_dt,282,0,0,5.258591175079346,5.2502217292785645
id,6,lstm_dt,282,0,0,5.338852405548096,5.307377815246582
id,6,mlp_dt,282,0,0,4.766873359680176,4.765963554382324
id,6,gru_param_matched,282,0,0,5.744747161865234,5.716492176055908
id,6,constant,282,0,0,1.9818673133850098,1.9818673133850098
id,7,cfc,288,0,0,2.869199275970459,2.843292236328125
id,7,gru_dt,288,0,0,2.8772847652435303,2.78536057472229
id,7,lstm_dt,288,0,0,3.0609333515167236,2.9180173873901367
id,7,mlp_dt,288,0,0,2.926238775253296,2.870680093765259
id,7,gru_param_matched,288,0,0,3.0588133335113525,2.964240789413452
id,7,constant,288,0,0,1.9818673133850098,1.9818673133850098
id,8,cfc,261,0,0,3.2747764587402344,3.270831346511841
id,8,gru_dt,261,0,0,3.461803913116455,3.43959379196167
id,8,lstm_dt,261,0,0,3.7586069107055664,3.68302583694458
id,8,mlp_dt,261,0,0,3.522145986557007,3.4984629154205322
id,8,gru_param_matched,261,0,0,3.822629928588867,3.739957094192505
id,8,constant,261,0,0,1.9818673133850098,1.9818673133850098
id,9,cfc,255,0,0,3.379481554031372,3.307986259460449
id,9,gru_dt,255,0,0,3.2949059009552,3.2001380920410156
id,9,lstm_dt,255,0,0,3.4369192123413086,3.337702751159668
id,9,mlp_dt,255,0,0,3.3961706161499023,3.3525373935699463
id,9,gru_param_matched,255,0,0,3.417447566986084,3.351067304611206
id,9,constant,255,0,0,1.9818673133850098,1.9818673133850098
id,10,cfc,255,0,0,4.709858417510986,4.694581508636475
id,10,gru_dt,255,0,0,5.0327630043029785,4.987113952636719
id,10,lstm_dt,255,0,0,5.140339374542236,5.109925746917725
id,10,mlp_dt,255,0,0,4.5437188148498535,4.530289173126221
id,10,gru_param_matched,255,0,0,5.364504814147949,5.293667793273926
id,10,constant,255,0,0,1.9818673133850098,1.9818673133850098
id,11,cfc,264,0,0,3.1898210048675537,3.1843557357788086
id,11,gru_dt,264,0,0,2.881983995437622,2.855944871902466
id,11,lstm_dt,264,0,0,3.244361639022827,3.240417957305908
id,11,mlp_dt,264,0,0,3.1100869178771973,3.1049487590789795
id,11,gru_param_matched,264,0,0,3.102562189102173,3.0780012607574463
id,11,constant,264,0,0,1.9818673133850098,1.9818673133850098
id,12,cfc,264,0,0,4.658502578735352,4.6556196212768555
id,12,gru_dt,264,0,0,4.976522445678711,4.961611270904541
id,12,lstm_dt,264,0,0,5.213288307189941,5.194228172302246
id,12,mlp_dt,264,0,0,4.631661415100098,4.606362819671631
id,12,gru_param_matched,264,0,0,5.359229564666748,5.3165669441223145
id,12,constant,264,0,0,1.9818673133850098,1.9818673133850098
id,13,cfc,264,0,0,3.479722499847412,3.4341835975646973
id,13,gru_dt,264,0,0,3.5649406909942627,3.4526379108428955
id,13,lstm_dt,264,0,0,3.3496265411376953,3.2997708320617676
id,13,mlp_dt,264,0,0,3.4973390102386475,3.4612812995910645
id,13,gru_param_matched,264,0,0,3.433934211730957,3.3295342922210693
id,13,constant,264,0,0,1.9818673133850098,1.9818673133850098
id,14,cfc,267,0,0,4.577223777770996,4.515073299407959
id,14,gru_dt,267,0,0,4.848912239074707,4.791759490966797
id,14,lstm_dt,267,0,0,4.832287311553955,4.792564392089844
id,14,mlp_dt,267,0,0,4.412359237670898,4.333810329437256
id,14,gru_param_matched,267,0,0,4.945415019989014,4.866866111755371
id,14,constant,267,0,0,1.9818673133850098,1.9818673133850098
id,15,cfc,261,0,0,3.050440549850464,2.979724407196045
id,15,gru_dt,261,0,0,2.7834739685058594,2.730009078979492
id,15,lstm_dt,261,0,0,2.732475996017456,2.6673734188079834
id,15,mlp_dt,261,0,0,3.0928802490234375,3.052976608276367
id,15,gru_param_matched,261,0,0,2.8262977600097656,2.8035049438476562
id,15,constant,261,0,0,1.9818673133850098,1.9818673133850098
id,16,cfc,282,0,0,4.612305641174316,4.592111110687256
id,16,gru_dt,282,0,0,4.868717670440674,4.804798126220703
id,16,lstm_dt,282,0,0,4.981001377105713,4.888152122497559
id,16,mlp_dt,282,0,0,4.581867694854736,4.5516767501831055
id,16,gru_param_matched,282,0,0,4.957947731018066,4.931746482849121
id,16,constant,282,0,0,1.9818673133850098,1.9818673133850098
id,17,cfc,279,0,0,2.899932861328125,2.882659673690796
id,17,gru_dt,279,0,0,2.8503737449645996,2.829467535018921
id,17,lstm_dt,279,0,0,2.986260414123535,2.9727277755737305
id,17,mlp_dt,279,0,0,3.159787654876709,3.093914031982422
id,17,gru_param_matched,279,0,0,3.0834271907806396,3.060293197631836
id,17,constant,279,0,0,1.9818673133850098,1.9818673133850098
id,18,cfc,264,0,0,4.543664455413818,4.4981560707092285
id,18,gru_dt,264,0,0,4.425921440124512,4.416744709014893
id,18,lstm_dt,264,0,0,4.573408603668213,4.553517818450928
id,18,mlp_dt,264,0,0,4.442085266113281,4.372583389282227
id,18,gru_param_matched,264,0,0,4.7444539070129395,4.708832740783691
id,18,constant,264,0,0,1.9818673133850098,1.9818673133850098
id,19,cfc,279,0,0,3.432077646255493,3.337618350982666
id,19,gru_dt,279,0,0,2.9416322708129883,2.8446013927459717
id,19,lstm_dt,279,0,0,3.255650281906128,3.155391216278076
id,19,mlp_dt,279,0,0,2.8634819984436035,2.8289401531219482
id,19,gru_param_matched,279,0,0,2.876396417617798,2.83242130279541
id,19,constant,279,0,0,1.9818673133850098,1.9818673133850098
paired_sparse,0,cfc,117,0,0,4.185887336730957,4.156071186065674
paired_sparse,0,gru_dt,117,0,0,3.9183318614959717,3.8997435569763184
paired_sparse,0,lstm_dt,117,0,0,3.9236786365509033,3.8942294120788574
paired_sparse,0,mlp_dt,117,0,0,3.956707000732422,3.9315857887268066
paired_sparse,0,gru_param_matched,117,0,0,3.8684632778167725,3.867154598236084
paired_sparse,0,constant,117,0,0,1.9818673133850098,1.9818673133850098
paired_sparse,1,cfc,96,0,0,2.5542619228363037,2.5148162841796875
paired_sparse,1,gru_dt,96,0,0,2.1062862873077393,2.102588176727295
paired_sparse,1,lstm_dt,96,0,0,2.066169261932373,2.0605084896087646
paired_sparse,1,mlp_dt,96,0,0,2.149402141571045,2.139587163925171
paired_sparse,1,gru_param_matched,96,0,0,2.2211344242095947,2.215437412261963
paired_sparse,1,constant,96,0,0,1.9818673133850098,1.9818673133850098
paired_sparse,2,cfc,132,0,0,2.8932628631591797,2.8740673065185547
paired_sparse,2,gru_dt,132,0,0,2.921543598175049,2.8846096992492676
paired_sparse,2,lstm_dt,132,0,0,3.0601296424865723,3.0165913105010986
paired_sparse,2,mlp_dt,132,0,0,3.202716112136841,3.128079652786255
paired_sparse,2,gru_param_matched,132,0,0,2.6691181659698486,2.668583869934082
paired_sparse,2,constant,132,0,0,1.9818673133850098,1.9818673133850098
paired_sparse,3,cfc,132,0,0,3.1766927242279053,3.1739842891693115
paired_sparse,3,gru_dt,132,0,0,3.2009122371673584,3.1865739822387695
paired_sparse,3,lstm_dt,132,0,0,3.250755548477173,3.2410573959350586
paired_sparse,3,mlp_dt,132,0,0,3.0751709938049316,3.071437358856201
paired_sparse,3,gru_param_matched,132,0,0,3.0713953971862793,3.0606894493103027
paired_sparse,3,constant,132,0,0,1.9818673133850098,1.9818673133850098
paired_sparse,4,cfc,123,0,0,4.541786193847656,4.523195743560791
paired_sparse,4,gru_dt,123,0,0,4.9613494873046875,4.907662868499756
paired_sparse,4,lstm_dt,123,0,0,4.7716593742370605,4.722314357757568
paired_sparse,4,mlp_dt,123,0,0,4.510717391967773,4.468250274658203
paired_sparse,4,gru_param_matched,123,0,0,5.044854164123535,4.971269607543945
paired_sparse,4,constant,123,0,0,1.9818673133850098,1.9818673133850098
paired_sparse,5,cfc,123,0,0,2.8853983879089355,2.8455278873443604
paired_sparse,5,gru_dt,123,0,0,2.3649818897247314,2.3335022926330566
paired_sparse,5,lstm_dt,123,0,0,2.3211357593536377,2.3100953102111816
paired_sparse,5,mlp_dt,123,0,0,2.4931750297546387,2.4833364486694336
paired_sparse,5,gru_param_matched,123,0,0,2.412410020828247,2.3915462493896484
paired_sparse,5,constant,123,0,0,1.9818673133850098,1.9818673133850098
paired_sparse,6,cfc,150,0,0,4.644238471984863,4.634527206420898
paired_sparse,6,gru_dt,150,0,0,5.011778831481934,5.001935005187988
paired_sparse,6,lstm_dt,150,0,0,4.751375675201416,4.7299370765686035
paired_sparse,6,mlp_dt,150,0,0,4.81596565246582,4.783919811248779
paired_sparse,6,gru_param_matched,150,0,0,5.459325790405273,5.431621551513672
paired_sparse,6,constant,150,0,0,1.9818673133850098,1.9818673133850098
paired_sparse,7,cfc,135,0,0,2.6951982975006104,2.5948359966278076
paired_sparse,7,gru_dt,135,0,0,2.427190065383911,2.3606083393096924
paired_sparse,7,lstm_dt,135,0,0,2.5459108352661133,2.469141721725464
paired_sparse,7,mlp_dt,135,0,0,2.511077880859375,2.4985828399658203
paired_sparse,7,gru_param_matched,135,0,0,2.375951051712036,2.3268914222717285
paired_sparse,7,constant,135,0,0,1.9818673133850098,1.9818673133850098
paired_sparse,8,cfc,123,0,0,3.5754215717315674,3.5187461376190186
paired_sparse,8,gru_dt,123,0,0,2.982517719268799,2.9728002548217773
paired_sparse,8,lstm_dt,123,0,0,3.1675586700439453,3.107571601867676
paired_sparse,8,mlp_dt,123,0,0,3.3665177822113037,3.324195623397827
paired_sparse,8,gru_param_matched,123,0,0,3.31848406791687,3.299625873565674
paired_sparse,8,constant,123,0,0,1.9818673133850098,1.9818673133850098
paired_sparse,9,cfc,126,0,0,3.3462328910827637,3.311248540878296
paired_sparse,9,gru_dt,126,0,0,3.170088768005371,3.1476120948791504
paired_sparse,9,lstm_dt,126,0,0,3.3644018173217773,3.3280816078186035
paired_sparse,9,mlp_dt,126,0,0,3.4821395874023438,3.439126491546631
paired_sparse,9,gru_param_matched,126,0,0,3.4734408855438232,3.4115278720855713
paired_sparse,9,constant,126,0,0,1.9818673133850098,1.9818673133850098
paired_sparse,10,cfc,108,0,0,4.596440315246582,4.596094608306885
paired_sparse,10,gru_dt,108,0,0,4.935993671417236,4.920940399169922
paired_sparse,10,lstm_dt,108,0,0,4.9644036293029785,4.952707767486572
paired_sparse,10,mlp_dt,108,0,0,4.513439655303955,4.5045905113220215
paired_sparse,10,gru_param_matched,108,0,0,5.09301233291626,5.068012714385986
paired_sparse,10,constant,108,0,0,1.9818673133850098,1.9818673133850098
paired_sparse,11,cfc,93,0,0,3.2025768756866455,3.178014039993286
paired_sparse,11,gru_dt,93,0,0,2.9109349250793457,2.885544776916504
paired_sparse,11,lstm_dt,93,0,0,3.367079257965088,3.334165096282959
paired_sparse,11,mlp_dt,93,0,0,3.1100869178771973,3.0898571014404297
paired_sparse,11,gru_param_matched,93,0,0,3.0718846321105957,3.0458240509033203
paired_sparse,11,constant,93,0,0,1.9818673133850098,1.9818673133850098
paired_sparse,12,cfc,105,0,0,4.684055805206299,4.67993688583374
paired_sparse,12,gru_dt,105,0,0,4.960275650024414,4.959699630737305
paired_sparse,12,lstm_dt,105,0,0,5.128570556640625,5.128019332885742
paired_sparse,12,mlp_dt,105,0,0,4.652582168579102,4.640402793884277
paired_sparse,12,gru_param_matched,105,0,0,5.270825386047363,5.269782543182373
paired_sparse,12,constant,105,0,0,1.9818673133850098,1.9818673133850098
paired_sparse,13,cfc,111,0,0,2.733600616455078,2.730093240737915
paired_sparse,13,gru_dt,111,0,0,3.0055699348449707,2.99849271774292
paired_sparse,13,lstm_dt,111,0,0,3.2250192165374756,3.1994361877441406
paired_sparse,13,mlp_dt,111,0,0,3.072406053543091,3.0629723072052
paired_sparse,13,gru_param_matched,111,0,0,2.8854904174804688,2.882718563079834
paired_sparse,13,constant,111,0,0,1.9818673133850098,1.9818673133850098
paired_sparse,14,cfc,132,0,0,4.258590221405029,4.191695690155029
paired_sparse,14,gru_dt,132,0,0,4.165616512298584,4.07078218460083
paired_sparse,14,lstm_dt,132,0,0,4.014929294586182,3.968796491622925
paired_sparse,14,mlp_dt,132,0,0,4.227358818054199,4.164774417877197
paired_sparse,14,gru_param_matched,132,0,0,4.442026615142822,4.374672889709473
paired_sparse,14,constant,132,0,0,1.9818673133850098,1.9818673133850098
paired_sparse,15,cfc,135,0,0,3.050440549850464,2.975517511367798
paired_sparse,15,gru_dt,135,0,0,2.8162755966186523,2.7622671127319336
paired_sparse,15,lstm_dt,135,0,0,2.7338929176330566,2.6924893856048584
paired_sparse,15,mlp_dt,135,0,0,3.1329495906829834,3.0591580867767334
paired_sparse,15,gru_param_matched,135,0,0,2.8262977600097656,2.7963454723358154
paired_sparse,15,constant,135,0,0,1.9818673133850098,1.9818673133850098
paired_sparse,16,cfc,120,0,0,4.082158088684082,4.080287456512451
paired_sparse,16,gru_dt,120,0,0,4.548883438110352,4.4707818031311035
paired_sparse,16,lstm_dt,120,0,0,4.263682842254639,4.222362995147705
paired_sparse,16,mlp_dt,120,0,0,4.288910865783691,4.269655227661133
paired_sparse,16,gru_param_matched,120,0,0,4.7260894775390625,4.672893524169922
paired_sparse,16,constant,120,0,0,1.9818673133850098,1.9818673133850098
paired_sparse,17,cfc,132,0,0,2.7037830352783203,2.6832997798919678
paired_sparse,17,gru_dt,132,0,0,2.766045331954956,2.7322280406951904
paired_sparse,17,lstm_dt,132,0,0,2.97123384475708,2.9275708198547363
paired_sparse,17,mlp_dt,132,0,0,3.1177093982696533,3.0622010231018066
paired_sparse,17,gru_param_matched,132,0,0,3.022576332092285,2.9573047161102295
paired_sparse,17,constant,132,0,0,1.9818673133850098,1.9818673133850098
paired_sparse,18,cfc,114,0,0,4.222207069396973,4.2001423835754395
paired_sparse,18,gru_dt,114,0,0,4.094386100769043,4.079451084136963
paired_sparse,18,lstm_dt,114,0,0,4.265161037445068,4.236382484436035
paired_sparse,18,mlp_dt,114,0,0,4.0431084632873535,4.035991668701172
paired_sparse,18,gru_param_matched,114,0,0,4.02603006362915,4.0119547843933105
paired_sparse,18,constant,114,0,0,1.9818673133850098,1.9818673133850098
paired_sparse,19,cfc,123,0,0,3.100780725479126,3.014150857925415
paired_sparse,19,gru_dt,123,0,0,2.615023136138916,2.5969290733337402
paired_sparse,19,lstm_dt,123,0,0,2.5858964920043945,2.573922634124756
paired_sparse,19,mlp_dt,123,0,0,2.51556134223938,2.5085229873657227
paired_sparse,19,gru_param_matched,123,0,0,2.7204082012176514,2.6915981769561768
paired_sparse,19,constant,123,0,0,1.9818673133850098,1.9818673133850098
high_mobility,0,cfc,267,0,0,2.8638713359832764,2.843034505844116
high_mobility,0,gru_dt,267,0,0,2.5163002014160156,2.4770498275756836
high_mobility,0,lstm_dt,267,0,0,2.6225779056549072,2.60532808303833
high_mobility,0,mlp_dt,267,0,0,2.449113607406616,2.391713857650757
high_mobility,0,gru_param_matched,267,0,0,2.3904476165771484,2.324481964111328
high_mobility,0,constant,267,0,0,1.9818673133850098,1.9818673133850098
high_mobility,1,cfc,297,0,0,3.66778826713562,3.661245107650757
high_mobility,1,gru_dt,297,0,0,3.80863356590271,3.767361879348755
high_mobility,1,lstm_dt,297,0,0,4.071457862854004,4.037711143493652
high_mobility,1,mlp_dt,297,0,0,3.641979217529297,3.485146999359131
high_mobility,1,gru_param_matched,297,0,0,4.010564804077148,3.951744794845581
high_mobility,1,constant,297,0,0,1.9818673133850098,1.9818673133850098
high_mobility,2,cfc,258,0,0,4.310623645782471,4.273543357849121
high_mobility,2,gru_dt,258,0,0,4.187651634216309,4.184783935546875
high_mobility,2,lstm_dt,258,0,0,4.949460029602051,4.931602478027344
high_mobility,2,mlp_dt,258,0,0,3.9602019786834717,3.9019908905029297
high_mobility,2,gru_param_matched,258,0,0,3.753840684890747,3.7265403270721436
high_mobility,2,constant,258,0,0,1.9818673133850098,1.9818673133850098
high_mobility,3,cfc,270,0,0,2.704622268676758,2.5997190475463867
high_mobility,3,gru_dt,270,0,0,2.491440534591675,2.3892111778259277
high_mobility,3,lstm_dt,270,0,0,2.6863746643066406,2.55325984954834
high_mobility,3,mlp_dt,270,0,0,1.9904189109802246,1.946075677871704
high_mobility,3,gru_param_matched,270,0,0,2.1509480476379395,2.1152184009552
high_mobility,3,constant,270,0,0,1.9818673133850098,1.9818673133850098
high_mobility,4,cfc,240,0,0,4.316306114196777,4.2889604568481445
high_mobility,4,gru_dt,240,0,0,4.334556579589844,4.325531959533691
high_mobility,4,lstm_dt,240,0,0,4.930790901184082,4.92005729675293
high_mobility,4,mlp_dt,240,0,0,3.984316110610962,3.93841290473938
high_mobility,4,gru_param_matched,240,0,0,4.433708190917969,4.395512580871582
high_mobility,4,constant,240,0,0,1.9818673133850098,1.9818673133850098
high_mobility,5,cfc,255,0,0,3.5885045528411865,3.4149675369262695
high_mobility,5,gru_dt,255,0,0,3.5517640113830566,3.355067253112793
high_mobility,5,lstm_dt,255,0,0,4.0334086418151855,3.776477336883545
high_mobility,5,mlp_dt,255,0,0,3.2605838775634766,2.994145631790161
high_mobility,5,gru_param_matched,255,0,0,3.770343780517578,3.531775951385498
high_mobility,5,constant,255,0,0,1.9818673133850098,1.9818673133850098
high_mobility,6,cfc,264,0,0,4.141972064971924,4.099003314971924
high_mobility,6,gru_dt,264,0,0,3.677765130996704,3.64693546295166
high_mobility,6,lstm_dt,264,0,0,4.200141906738281,4.113626003265381
high_mobility,6,mlp_dt,264,0,0,3.3511874675750732,3.35025954246521
high_mobility,6,gru_param_matched,264,0,0,3.714026689529419,3.685281753540039
high_mobility,6,constant,264,0,0,1.9818673133850098,1.9818673133850098
high_mobility,7,cfc,240,0,0,2.478224754333496,2.47090220451355
high_mobility,7,gru_dt,240,0,0,2.3314106464385986,2.3001060485839844
high_mobility,7,lstm_dt,240,0,0,2.261791944503784,2.2184972763061523
high_mobility,7,mlp_dt,240,0,0,2.0376460552215576,2.0164031982421875
high_mobility,7,gru_param_matched,240,0,0,2.178770065307617,2.1297972202301025
high_mobility,7,constant,240,0,0,1.9818673133850098,1.9818673133850098
high_mobility,8,cfc,282,0,0,3.874722480773926,3.840933084487915
high_mobility,8,gru_dt,282,0,0,4.03432559967041,4.0005364418029785
high_mobility,8,lstm_dt,282,0,0,4.401419162750244,4.398335933685303
high_mobility,8,mlp_dt,282,0,0,3.973156452178955,3.942296028137207
high_mobility,8,gru_param_matched,282,0,0,3.8050878047943115,3.800231695175171
high_mobility,8,constant,282,0,0,1.9818673133850098,1.9818673133850098
high_mobility,9,cfc,267,0,0,2.3074302673339844,2.303514242172241
high_mobility,9,gru_dt,267,0,0,2.1178555488586426,2.1163299083709717
high_mobility,9,lstm_dt,267,0,0,2.116844654083252,2.113492965698242
high_mobility,9,mlp_dt,267,0,0,1.8350954055786133,1.831613302230835
high_mobility,9,gru_param_matched,267,0,0,2.0381524562835693,1.992404580116272
high_mobility,9,constant,267,0,0,1.9818673133850098,1.9818673133850098
high_mobility,10,cfc,267,0,0,4.063410758972168,4.0200419425964355
high_mobility,10,gru_dt,267,0,0,3.7940163612365723,3.733096122741699
high_mobility,10,lstm_dt,267,0,0,4.1289544105529785,4.120312213897705
high_mobility,10,mlp_dt,267,0,0,3.703425884246826,3.670151710510254
high_mobility,10,gru_param_matched,267,0,0,3.765167474746704,3.694535493850708
high_mobility,10,constant,267,0,0,1.9818673133850098,1.9818673133850098
high_mobility,11,cfc,261,0,0,2.922194719314575,2.911442279815674
high_mobility,11,gru_dt,261,0,0,2.788383960723877,2.7792396545410156
high_mobility,11,lstm_dt,261,0,0,2.942047357559204,2.9319543838500977
high_mobility,11,mlp_dt,261,0,0,2.459303617477417,2.439014434814453
high_mobility,11,gru_param_matched,261,0,0,2.6760342121124268,2.6654179096221924
high_mobility,11,constant,261,0,0,1.9818673133850098,1.9818673133850098
high_mobility,12,cfc,273,0,0,4.229424953460693,4.203624248504639
high_mobility,12,gru_dt,273,0,0,3.977630615234375,3.9682252407073975
high_mobility,12,lstm_dt,273,0,0,4.467838287353516,4.441512584686279
high_mobility,12,mlp_dt,273,0,0,3.7618918418884277,3.7556357383728027
high_mobility,12,gru_param_matched,273,0,0,4.180894374847412,4.114076614379883
high_mobility,12,constant,273,0,0,1.9818673133850098,1.9818673133850098
high_mobility,13,cfc,279,0,0,3.203118085861206,3.11094069480896
high_mobility,13,gru_dt,279,0,0,2.9996337890625,2.933976173400879
high_mobility,13,lstm_dt,279,0,0,3.4364356994628906,3.304539918899536
high_mobility,13,mlp_dt,279,0,0,2.8401849269866943,2.7412703037261963
high_mobility,13,gru_param_matched,279,0,0,2.960711717605591,2.8520607948303223
high_mobility,13,constant,279,0,0,1.9818673133850098,1.9818673133850098
high_mobility,14,cfc,252,0,0,3.930097818374634,3.8354861736297607
high_mobility,14,gru_dt,252,0,0,3.3142004013061523,3.284170150756836
high_mobility,14,lstm_dt,252,0,0,3.972580671310425,3.9348771572113037
high_mobility,14,mlp_dt,252,0,0,3.7090659141540527,3.6439146995544434
high_mobility,14,gru_param_matched,252,0,0,3.152996063232422,3.119851589202881
high_mobility,14,constant,252,0,0,1.9818673133850098,1.9818673133850098
high_mobility,15,cfc,243,0,0,2.9006996154785156,2.8384194374084473
high_mobility,15,gru_dt,243,0,0,2.4465346336364746,2.442586660385132
high_mobility,15,lstm_dt,243,0,0,2.647097587585449,2.623979091644287
high_mobility,15,mlp_dt,243,0,0,2.035952568054199,2.0290565490722656
high_mobility,15,gru_param_matched,243,0,0,2.199770927429199,2.1894454956054688
high_mobility,15,constant,243,0,0,1.9818673133850098,1.9818673133850098
high_mobility,16,cfc,288,0,0,3.78090763092041,3.7519371509552
high_mobility,16,gru_dt,288,0,0,3.090580940246582,3.0805349349975586
high_mobility,16,lstm_dt,288,0,0,3.546015739440918,3.5256974697113037
high_mobility,16,mlp_dt,288,0,0,2.6333930492401123,2.6328039169311523
high_mobility,16,gru_param_matched,288,0,0,2.7362630367279053,2.734968900680542
high_mobility,16,constant,288,0,0,1.9818673133850098,1.9818673133850098
high_mobility,17,cfc,261,0,0,3.087287664413452,3.0470550060272217
high_mobility,17,gru_dt,261,0,0,2.8983805179595947,2.872997999191284
high_mobility,17,lstm_dt,261,0,0,3.139761209487915,3.11002516746521
high_mobility,17,mlp_dt,261,0,0,2.2600672245025635,2.188868284225464
high_mobility,17,gru_param_matched,261,0,0,2.876887559890747,2.7918519973754883
high_mobility,17,constant,261,0,0,1.9818673133850098,1.9818673133850098
high_mobility,18,cfc,264,0,0,4.031442642211914,3.9879112243652344
high_mobility,18,gru_dt,264,0,0,3.738159418106079,3.7167654037475586
high_mobility,18,lstm_dt,264,0,0,3.975198984146118,3.9554224014282227
high_mobility,18,mlp_dt,264,0,0,3.3396408557891846,3.3373196125030518
high_mobility,18,gru_param_matched,264,0,0,3.6607673168182373,3.6167924404144287
high_mobility,18,constant,264,0,0,1.9818673133850098,1.9818673133850098
high_mobility,19,cfc,285,0,0,2.7604410648345947,2.66402530670166
high_mobility,19,gru_dt,285,0,0,2.5714070796966553,2.535245180130005
high_mobility,19,lstm_dt,285,0,0,2.7803847789764404,2.6938772201538086
high_mobility,19,mlp_dt,285,0,0,2.0996227264404297,2.0371313095092773
high_mobility,19,gru_param_matched,285,0,0,2.3563365936279297,2.3294732570648193
high_mobility,19,constant,285,0,0,1.9818673133850098,1.9818673133850098
high_congestion,0,cfc,258,0,0,2.5498361587524414,2.542996883392334
high_congestion,0,gru_dt,258,0,0,2.5012288093566895,2.466771364212036
high_congestion,0,lstm_dt,258,0,0,2.422205686569214,2.3767282962799072
high_congestion,0,mlp_dt,258,0,0,2.64011549949646,2.552218437194824
high_congestion,0,gru_param_matched,258,0,0,2.5973994731903076,2.5683653354644775
high_congestion,0,constant,258,0,0,1.9818673133850098,1.9818673133850098
high_congestion,1,cfc,252,0,0,3.0896496772766113,2.8561365604400635
high_congestion,1,gru_dt,252,0,0,3.02734375,2.864309787750244
high_congestion,1,lstm_dt,252,0,0,2.927546262741089,2.7473843097686768
high_congestion,1,mlp_dt,252,0,0,3.4173765182495117,3.207136869430542
high_congestion,1,gru_param_matched,252,0,0,2.9768900871276855,2.8359622955322266
high_congestion,1,constant,252,0,0,1.9818673133850098,1.9818673133850098
high_congestion,2,cfc,291,0,0,2.4958407878875732,2.4749858379364014
high_congestion,2,gru_dt,291,0,0,2.5090835094451904,2.477997303009033
high_congestion,2,lstm_dt,291,0,0,2.4856433868408203,2.45770263671875
high_congestion,2,mlp_dt,291,0,0,2.6041107177734375,2.5329973697662354
high_congestion,2,gru_param_matched,291,0,0,2.8303091526031494,2.706853151321411
high_congestion,2,constant,291,0,0,1.9818673133850098,1.9818673133850098
high_congestion,3,cfc,249,0,0,2.3625755310058594,2.3257603645324707
high_congestion,3,gru_dt,249,0,0,2.3008980751037598,2.2977747917175293
high_congestion,3,lstm_dt,249,0,0,2.386791944503784,2.3668859004974365
high_congestion,3,mlp_dt,249,0,0,2.5980441570281982,2.4519755840301514
high_congestion,3,gru_param_matched,249,0,0,2.2565839290618896,2.219320058822632
high_congestion,3,constant,249,0,0,1.9818673133850098,1.9818673133850098
high_congestion,4,cfc,270,0,0,3.4663171768188477,3.4627411365509033
high_congestion,4,gru_dt,270,0,0,3.732203483581543,3.658262014389038
high_congestion,4,lstm_dt,270,0,0,3.821568012237549,3.710292339324951
high_congestion,4,mlp_dt,270,0,0,3.505552291870117,3.411547899246216
high_congestion,4,gru_param_matched,270,0,0,3.8081955909729004,3.7830193042755127
high_congestion,4,constant,270,0,0,1.9818673133850098,1.9818673133850098
high_congestion,5,cfc,276,0,0,1.5155746936798096,1.4600833654403687
high_congestion,5,gru_dt,276,0,0,1.464542269706726,1.4254224300384521
high_congestion,5,lstm_dt,276,0,0,1.2147386074066162,1.2010480165481567
high_congestion,5,mlp_dt,276,0,0,1.3660014867782593,1.3478211164474487
high_congestion,5,gru_param_matched,276,0,0,1.6214957237243652,1.5195143222808838
high_congestion,5,constant,276,0,0,1.9818673133850098,1.9818673133850098
high_congestion,6,cfc,282,0,0,2.6180455684661865,2.609754800796509
high_congestion,6,gru_dt,282,0,0,2.5186846256256104,2.5069236755371094
high_congestion,6,lstm_dt,282,0,0,2.562736749649048,2.513542890548706
high_congestion,6,mlp_dt,282,0,0,2.441721200942993,2.431162118911743
high_congestion,6,gru_param_matched,282,0,0,2.9449141025543213,2.892404556274414
high_congestion,6,constant,282,0,0,1.9818673133850098,1.9818673133850098
high_congestion,7,cfc,255,0,0,1.8278450965881348,1.7626901865005493
high_congestion,7,gru_dt,255,0,0,1.7489997148513794,1.7157609462738037
high_congestion,7,lstm_dt,255,0,0,1.6865148544311523,1.6520683765411377
high_congestion,7,mlp_dt,255,0,0,1.754988193511963,1.7175122499465942
high_congestion,7,gru_param_matched,255,0,0,1.7288124561309814,1.7075508832931519
high_congestion,7,constant,255,0,0,1.9818673133850098,1.9818673133850098
high_congestion,8,cfc,267,0,0,2.5537004470825195,2.5450215339660645
high_congestion,8,gru_dt,267,0,0,2.393085241317749,2.353024959564209
high_congestion,8,lstm_dt,267,0,0,2.3149585723876953,2.3114750385284424
high_congestion,8,mlp_dt,267,0,0,2.3503034114837646,2.3410744667053223
high_congestion,8,gru_param_matched,267,0,0,2.6006295680999756,2.59008526802063
high_congestion,8,constant,267,0,0,1.9818673133850098,1.9818673133850098
high_congestion,9,cfc,267,0,0,2.2648892402648926,2.230214834213257
high_congestion,9,gru_dt,267,0,0,2.2001254558563232,2.182675838470459
high_congestion,9,lstm_dt,267,0,0,2.30861234664917,2.246450424194336
high_congestion,9,mlp_dt,267,0,0,2.440873861312866,2.4169278144836426
high_congestion,9,gru_param_matched,267,0,0,2.3460805416107178,2.3365066051483154
high_congestion,9,constant,267,0,0,1.9818673133850098,1.9818673133850098
high_congestion,10,cfc,270,0,0,2.925133466720581,2.713508367538452
high_congestion,10,gru_dt,270,0,0,2.713705062866211,2.514068126678467
high_congestion,10,lstm_dt,270,0,0,2.729426145553589,2.512133836746216
high_congestion,10,mlp_dt,270,0,0,2.780393123626709,2.562821388244629
high_congestion,10,gru_param_matched,270,0,0,2.8284239768981934,2.6397764682769775
high_congestion,10,constant,270,0,0,1.9818673133850098,1.9818673133850098
high_congestion,11,cfc,267,0,0,2.2502808570861816,2.126758098602295
high_congestion,11,gru_dt,267,0,0,2.1987931728363037,2.1505093574523926
high_congestion,11,lstm_dt,267,0,0,2.441445827484131,2.299412727355957
high_congestion,11,mlp_dt,267,0,0,2.3354105949401855,2.2968761920928955
high_congestion,11,gru_param_matched,267,0,0,2.2679312229156494,2.1773171424865723
high_congestion,11,constant,267,0,0,1.9818673133850098,1.9818673133850098
high_congestion,12,cfc,255,0,0,2.9093143939971924,2.7474148273468018
high_congestion,12,gru_dt,255,0,0,2.754852771759033,2.634533643722534
high_congestion,12,lstm_dt,255,0,0,2.6915481090545654,2.574125289916992
high_congestion,12,mlp_dt,255,0,0,2.7976160049438477,2.655346632003784
high_congestion,12,gru_param_matched,255,0,0,2.8255319595336914,2.7305679321289062
high_congestion,12,constant,255,0,0,1.9818673133850098,1.9818673133850098
high_congestion,13,cfc,270,0,0,1.8664034605026245,1.8485169410705566
high_congestion,13,gru_dt,270,0,0,1.979448676109314,1.9711652994155884
high_congestion,13,lstm_dt,270,0,0,1.7460576295852661,1.7283917665481567
high_congestion,13,mlp_dt,270,0,0,2.0128884315490723,1.9776010513305664
high_congestion,13,gru_param_matched,270,0,0,1.9969093799591064,1.9794684648513794
high_congestion,13,constant,270,0,0,1.9818673133850098,1.9818673133850098
high_congestion,14,cfc,288,0,0,3.354674816131592,3.193803548812866
high_congestion,14,gru_dt,288,0,0,2.846388816833496,2.823120355606079
high_congestion,14,lstm_dt,288,0,0,3.1361374855041504,3.0222878456115723
high_congestion,14,mlp_dt,288,0,0,3.2361130714416504,3.06533145904541
high_congestion,14,gru_param_matched,288,0,0,3.3350517749786377,3.2357075214385986
high_congestion,14,constant,288,0,0,1.9818673133850098,1.9818673133850098
high_congestion,15,cfc,288,0,0,2.89281964302063,2.8448994159698486
high_congestion,15,gru_dt,288,0,0,2.653020143508911,2.604785203933716
high_congestion,15,lstm_dt,288,0,0,2.822638750076294,2.7649872303009033
high_congestion,15,mlp_dt,288,0,0,3.0380859375,2.899496078491211
high_congestion,15,gru_param_matched,288,0,0,2.806022882461548,2.7341248989105225
high_congestion,15,constant,288,0,0,1.9818673133850098,1.9818673133850098
high_congestion,16,cfc,264,0,0,2.1984589099884033,2.191664218902588
high_congestion,16,gru_dt,264,0,0,2.2004244327545166,2.179262638092041
high_congestion,16,lstm_dt,264,0,0,2.1262402534484863,2.1088967323303223
high_congestion,16,mlp_dt,264,0,0,2.371626853942871,2.320023775100708
high_congestion,16,gru_param_matched,264,0,0,2.3665928840637207,2.308504819869995
high_congestion,16,constant,264,0,0,1.9818673133850098,1.9818673133850098
high_congestion,17,cfc,270,0,0,1.147566556930542,1.1435853242874146
high_congestion,17,gru_dt,270,0,0,1.1919207572937012,1.1700023412704468
high_congestion,17,lstm_dt,270,0,0,1.0696420669555664,1.0514460802078247
high_congestion,17,mlp_dt,270,0,0,1.1077929735183716,1.081296443939209
high_congestion,17,gru_param_matched,270,0,0,1.2309776544570923,1.2220627069473267
high_congestion,17,constant,270,0,0,1.9818673133850098,1.9818673133850098
high_congestion,18,cfc,264,0,0,3.244063377380371,3.1615710258483887
high_congestion,18,gru_dt,264,0,0,2.9678103923797607,2.9525203704833984
high_congestion,18,lstm_dt,264,0,0,3.1425464153289795,3.1375038623809814
high_congestion,18,mlp_dt,264,0,0,3.141890287399292,3.1198337078094482
high_congestion,18,gru_param_matched,264,0,0,3.1956796646118164,3.1721572875976562
high_congestion,18,constant,264,0,0,1.9818673133850098,1.9818673133850098
high_congestion,19,cfc,279,0,0,1.566030502319336,1.5414375066757202
high_congestion,19,gru_dt,279,0,0,1.663672685623169,1.614438772201538
high_congestion,19,lstm_dt,279,0,0,1.4942539930343628,1.4665532112121582
high_congestion,19,mlp_dt,279,0,0,1.748327374458313,1.6887733936309814
high_congestion,19,gru_param_matched,279,0,0,1.651825189590454,1.5994622707366943
high_congestion,19,constant,279,0,0,1.9818673133850098,1.9818673133850098
