regime,trace_index,trace_id,profile,model,intervals,events,nll_total,nll_per_interval
id,0,id-0000,fast,cfc,93,97,44.013137322023795,0.47325954109703006
id,0,id-0000,fast,gru_dt,93,97,46.30842148326465,0.49794001594908227
id,0,id-0000,fast,lstm_dt,93,97,47.98535461281457,0.5159715549765007
id,0,id-0000,fast,mlp_dt,93,97,48.4902025028852,0.521400026912744
id,0,id-0000,fast,gru_param_matched,93,97,44.93063574730233,0.4831251155623907
id,0,id-0000,fast,constant,93,97,60.46083129358616,0.6501164655224319
id,1,id-0001,robust,cfc,87,60,51.91097111581375,0.5966778289173994
id,1,id-0001,robust,gru_dt,87,60,50.92089039311666,0.5852975907254788
id,1,id-0001,robust,lstm_dt,87,60,51.058480897702076,0.5868790907781848
id,1,id-0001,robust,mlp_dt,87,60,53.42476888422331,0.6140778032669346
id,1,id-0001,robust,gru_param_matched,87,60,51.31864890887333,0.5898695276881992
id,1,id-0001,robust,constant,87,60,56.10290643916018,0.6448609935535653
id,2,id-0002,fast,cfc,89,76,45.12428175000717,0.5070144016854738
id,2,id-0002,fast,gru_dt,89,76,45.22889649013874,0.5081898482038061
id,2,id-0002,fast,lstm_dt,89,76,46.135077026491594,0.5183716519830516
id,2,id-0002,fast,mlp_dt,89,76,47.74678064909407,0.5364806814504952
id,2,id-0002,fast,gru_param_matched,89,76,46.83980300647908,0.5262899214211133
id,2,id-0002,fast,constant,89,76,55.949567889561884,0.6286468302197964
id,3,id-0003,robust,cfc,90,64,52.78086523827679,0.5864540582030754
id,3,id-0003,robust,gru_dt,90,64,53.57411314978435,0.5952679238864929
id,3,id-0003,robust,lstm_dt,90,64,54.01832951365936,0.6002036612628818
id,3,id-0003,robust,mlp_dt,90,64,56.36022641402333,0.6262247379335926
id,3,id-0003,robust,gru_param_matched,90,64,52.594721178745814,0.5843857908749535
id,3,id-0003,robust,constant,90,64,64.15804118659624,0.7128671242955137
id,4,id-0004,fast,cfc,82,102,37.204136393243694,0.4537089804054109
id,4,id-0004,fast,gru_dt,82,102,37.498871903136525,0.45730331589190887
id,4,id-0004,fast,lstm_dt,82,102,38.50988238224005,0.4696327119785372
id,4,id-0004,fast,mlp_dt,82,102,37.66435999523174,0.45932146335648466
id,4,id-0004,fast,gru_param_matched,82,102,39.55308618512772,0.48235470957472826
id,4,id-0004,fast,constant,82,102,59.74712768183262,0.728623508315032
id,5,id-0005,robust,cfc,94,54,55.870459788905606,0.5943665934989958
id,5,id-0005,robust,gru_dt,94,54,56.21490824323062,0.5980309387577726
id,5,id-0005,robust,lstm_dt,94,54,57.26227055024915,0.6091730909600973
id,5,id-0005,robust,mlp_dt,94,54,58.126749419714,0.6183696746778086
id,5,id-0005,robust,gru_param_matched,94,54,56.71727280364877,0.6033752425920081
id,5,id-0005,robust,constant,94,54,60.20714287823756,0.6405015199812507
id,6,id-0006,fast,cfc,94,122,22.120469831083838,0.23532414713918975
id,6,id-0006,fast,gru_dt,94,122,20.347759627038368,0.21646552794721668
id,6,id-0006,fast,lstm_dt,94,122,22.346899937723737,0.23773297806089083
id,6,id-0006,fast,mlp_dt,94,122,27.78020450051318,0.29553409043099127
id,6,id-0006,fast,gru_param_matched,94,122,19.555788081746655,0.2080402987419857
id,6,id-0006,fast,constant,94,122,51.461984758140275,0.5474679229589391
id,7,id-0007,robust,cfc,96,50,46.835225968547306,0.4878669371723678
id,7,id-0007,robust,gru_dt,96,50,47.65774111852503,0.4964348033179691
id,7,id-0007,robust,lstm_dt,96,50,48.414792609324756,0.5043207563471329
id,7,id-0007,robust,mlp_dt,96,50,48.361695691967284,0.5037676634579925
id,7,id-0007,robust,gru_param_matched,96,50,46.770220580574176,0.4871897977143143
id,7,id-0007,robust,constant,96,50,62.94330061319784,0.6556593813874775
id,8,id-0008,fast,cfc,87,71,34.696902642366716,0.39881497290076684
id,8,id-0008,fast,gru_dt,87,71,33.888395231374204,0.389521784268669
id,8,id-0008,fast,lstm_dt,87,71,34.48457414928947,0.3963744155090744
id,8,id-0008,fast,mlp_dt,87,71,40.596105172724975,0.4666218985370687
id,8,id-0008,fast,gru_param_matched,87,71,34.47967668833938,0.39631812285447565
id,8,id-0008,fast,constant,87,71,48.57847216326951,0.5583732432559714
id,9,id-0009,robust,cfc,85,69,49.20170386895241,0.5788435749288519
id,9,id-0009,robust,gru_dt,85,69,50.72900107860401,0.5968117773953413
id,9,id-0009,robust,lstm_dt,85,69,50.53260810795729,0.594501271858321
id,9,id-0009,robust,mlp_dt,85,69,49.742048235177656,0.5852005674726783
id,9,id-0009,robust,gru_param_matched,85,69,49.65174585101677,0.5841381864825502
id,9,id-0009,robust,constant,85,69,55.3421974813876,0.6510846762516188
id,10,id-0010,fast,cfc,85,89,50.85415372914507,0.5982841615193537
id,10,id-0010,fast,gru_dt,85,89,48.42372145971193,0.5696908407024933
id,10,id-0010,fast,lstm_dt,85,89,49.268486021608794,0.5796292473130447
id,10,id-0010,fast,mlp_dt,85,89,57.270714567139954,0.6737731125545877
id,10,id-0010,fast,gru_param_matched,85,89,48.191015924256874,0.5669531285206691
id,10,id-0010,fast,constant,85,89,82.12008586828165,0.9661186572739018
id,11,id-0011,robust,cfc,88,53,52.1574211579092,0.5926979677035136
id,11,id-0011,robust,gru_dt,88,53,52.322280768030424,0.594571372363982
id,11,id-0011,robust,lstm_dt,88,53,53.71562823985571,0.6104048663619968
id,11,id-0011,robust,mlp_dt,88,53,59.79986764090485,0.6795439504648279
id,11,id-0011,robust,gru_param_matched,88,53,52.638978601232594,0.5981702113776431
id,11,id-0011,robust,constant,88,53,71.6824758646113,0.814573589370583
id,12,id-0012,fast,cfc,88,87,29.091129676309034,0.3305810190489663
id,12,id-0012,fast,gru_dt,88,87,29.97167276019342,0.3405871904567434
id,12,id-0012,fast,lstm_dt,88,87,30.183771915062096,0.3429974081257056
id,12,id-0012,fast,mlp_dt,88,87,33.40145951903902,0.3795620399890798
id,12,id-0012,fast,gru_param_matched,88,87,28.891344527384224,0.3283107332657298
id,12,id-0012,fast,constant,88,87,48.425133161281266,0.5502856041054689
id,13,id-0013,robust,cfc,88,72,43.58210880056219,0.4952512363700249
id,13,id-0013,robust,gru_dt,88,72,44.528534118103806,0.5060060695239069
id,13,id-0013,robust,lstm_dt,88,72,45.267462965028656,0.514402988238962
id,13,id-0013,robust,mlp_dt,88,72,48.01606053463501,0.5456370515299432
id,13,id-0013,robust,gru_param_matched,88,72,45.681536495563336,0.5191083692677652
id,13,id-0013,robust,constant,88,72,53.29007919482819,0.6055690817594113
id,14,id-0014,fast,cfc,89,69,50.01101824659844,0.5619215533325668
id,14,id-0014,fast,gru_dt,89,69,51.352714839252656,0.5769967959466591
id,14,id-0014,fast,lstm_dt,89,69,53.639108619198915,0.6026866136988642
id,14,id-0014,fast,mlp_dt,89,69,54.97635445524217,0.6177118478117098
id,14,id-0014,fast,gru_param_matched,89,69,51.8595805770636,0.5826919165962202
id,14,id-0014,fast,constant,89,69,55.342197380856504,0.6218224424815337
id,15,id-0015,robust,cfc,87,59,49.752425315931106,0.5718669576543806
id,15,id-0015,robust,gru_dt,87,59,52.77506588543824,0.6066099527061867
id,15,id-0015,robust,lstm_dt,87,59,53.26192446085917,0.6122060282857376
id,15,id-0015,robust,mlp_dt,87,59,54.50049139061259,0.6264424297771561
id,15,id-0015,robust,gru_param_matched,87,59,53.81697333667339,0.6185859004215333
id,15,id-0015,robust,constant,87,59,62.182592350765375,0.7147424408133951
id,16,id-0016,fast,cfc,94,108,22.419074020211333,0.23850078744905673
id,16,id-0016,fast,gru_dt,94,108,22.409557884474793,0.2383995519624978
id,16,id-0016,fast,lstm_dt,94,108,22.186941363643157,0.23603129110258678
id,16,id-0016,fast,mlp_dt,94,108,26.926333788928538,0.28645035945668657
id,16,id-0016,fast,gru_param_matched,94,108,23.45784236871108,0.24955151456075617
id,16,id-0016,fast,constant,94,108,34.060304870527176,0.3623436688353955
id,17,id-0017,robust,cfc,93,50,48.137473243146104,0.5176072391736141
id,17,id-0017,robust,gru_dt,93,50,49.4255196397027,0.5314572004269107
id,17,id-0017,robust,lstm_dt,93,50,49.32489137619652,0.5303751760881346
id,17,id-0017,robust,mlp_dt,93,50,51.81915743551736,0.5571952412421222
id,17,id-0017,robust,gru_param_matched,93,50,48.38673397128797,0.5202874620568598
id,17,id-0017,robust,constant,93,50,62.94330087290318,0.6768096868054105
id,18,id-0018,fast,cfc,88,118,7.58098379889022,0.08614754316920704
id,18,id-0018,fast,gru_dt,88,118,8.564376475328693,0.09732245994691696
id,18,id-0018,fast,lstm_dt,88,118,7.763147891981763,0.08821758968161095
id,18,id-0018,fast,mlp_dt,88,118,13.124861941666092,0.14914615842802378
id,18,id-0018,fast,gru_param_matched,88,118,8.136077742578053,0.09245542889293241
id,18,id-0018,fast,constant,88,118,38.01120316213067,0.43194549047875763
id,19,id-0019,robust,cfc,93,68,51.075959355553806,0.549203864038213
id,19,id-0019,robust,gru_dt,93,68,52.813089168361664,0.5678826792296953
id,19,id-0019,robust,lstm_dt,93,68,52.58247894154307,0.5654029993714309
id,19,id-0019,robust,mlp_dt,93,68,52.85014678291287,0.5682811482033642
id,19,id-0019,robust,gru_param_matched,93,68,52.58098868963366,0.5653869751573511
id,19,id-0019,robust,constant,93,68,61.42188339299282,0.6604503590644389
paired_sparse,0,paired-sparse-id-0000,fast,cfc,39,97,53.76595963956255,1.378614349732373
paired_sparse,0,paired-sparse-id-0000,fast,gru_dt,39,97,57.846830277112964,1.483252058387512
paired_sparse,0,paired-sparse-id-0000,fast,lstm_dt,39,97,58.80140776393255,1.5077284042033987
paired_sparse,0,paired-sparse-id-0000,fast,mlp_dt,39,97,55.22658959163525,1.4160663997855194
paired_sparse,0,paired-sparse-id-0000,fast,gru_param_matched,39,97,56.02264508812166,1.4364780791826068
paired_sparse,0,paired-sparse-id-0000,fast,constant,39,97,60.460830941727316,1.5502777164545465
paired_sparse,1,paired-sparse-id-0001,robust,cfc,32,60,53.94985555196523,1.6859329859989134
paired_sparse,1,paired-sparse-id-0001,robust,gru_dt,32,60,54.31669373205193,1.6973966791266228
paired_sparse,1,paired-sparse-id-0001,robust,lstm_dt,32,60,53.49771178648011,1.6718034933275034
paired_sparse,1,paired-sparse-id-0001,robust,mlp_dt,32,60,54.6570895949083,1.7080340498408844
paired_sparse,1,paired-sparse-id-0001,robust,gru_param_matched,32,60,53.60849880709901,1.675265587721844
paired_sparse,1,paired-sparse-id-0001,robust,constant,32,60,56.10290600352541,1.7532158126101691
paired_sparse,2,paired-sparse-id-0002,fast,cfc,44,76,53.330408289990984,1.2120547338634315
paired_sparse,2,paired-sparse-id-0002,fast,gru_dt,44,76,54.47206423123396,1.2380014598007718
paired_sparse,2,paired-sparse-id-0002,fast,lstm_dt,44,76,54.421366910019124,1.2368492479549802
paired_sparse,2,paired-sparse-id-0002,fast,mlp_dt,44,76,54.40956202468071,1.2365809551063798
paired_sparse,2,paired-sparse-id-0002,fast,gru_param_matched,44,76,54.04616898691013,1.2283220224297757
paired_sparse,2,paired-sparse-id-0002,fast,constant,44,76,55.949568442482935,1.2715811009655213
paired_sparse,3,paired-sparse-id-0003,robust,cfc,44,64,54.524297913555586,1.2391885889444452
paired_sparse,3,paired-sparse-id-0003,robust,gru_dt,44,64,53.67836422983105,1.219962823405251
paired_sparse,3,paired-sparse-id-0003,robust,lstm_dt,44,64,54.8165087269939,1.2458297437953159
paired_sparse,3,paired-sparse-id-0003,robust,mlp_dt,44,64,53.546926576612925,1.2169756040139301
paired_sparse,3,paired-sparse-id-0003,robust,gru_param_matched,44,64,53.32580818218735,1.2119501859588035
paired_sparse,3,paired-sparse-id-0003,robust,constant,44,64,64.1580408179822,1.4581372913177773
paired_sparse,4,paired-sparse-id-0004,fast,cfc,41,102,52.162011145204644,1.272244174273284
paired_sparse,4,paired-sparse-id-0004,fast,gru_dt,41,102,53.57633713080444,1.3067399300196205
paired_sparse,4,paired-sparse-id-0004,fast,lstm_dt,41,102,52.60290182505984,1.2829976054892644
paired_sparse,4,paired-sparse-id-0004,fast,mlp_dt,41,102,49.868792438051635,1.2163120106841863
paired_sparse,4,paired-sparse-id-0004,fast,gru_param_matched,41,102,55.63922583076881,1.3570542885553367
paired_sparse,4,paired-sparse-id-0004,fast,constant,41,102,59.74712714566676,1.4572470035528478
paired_sparse,5,paired-sparse-id-0005,robust,cfc,41,54,56.42830339040169,1.376300082692724
paired_sparse,5,paired-sparse-id-0005,robust,gru_dt,41,54,57.0870343869245,1.3923666923640121
paired_sparse,5,paired-sparse-id-0005,robust,lstm_dt,41,54,57.289149587409604,1.3972963314002342
paired_sparse,5,paired-sparse-id-0005,robust,mlp_dt,41,54,56.05664950896166,1.3672353538771138
paired_sparse,5,paired-sparse-id-0005,robust,gru_param_matched,41,54,56.9139427102977,1.3881449441536025
paired_sparse,5,paired-sparse-id-0005,robust,constant,41,54,60.20714252637871,1.4684668908872855
paired_sparse,6,paired-sparse-id-0006,fast,cfc,50,122,21.863494908286217,0.43726989816572437
paired_sparse,6,paired-sparse-id-0006,fast,gru_dt,50,122,23.134381951984125,0.4626876390396825
paired_sparse,6,paired-sparse-id-0006,fast,lstm_dt,50,122,23.05478147211988,0.4610956294423976
paired_sparse,6,paired-sparse-id-0006,fast,mlp_dt,50,122,21.8227520441369,0.436455040882738
paired_sparse,6,paired-sparse-id-0006,fast,gru_param_matched,50,122,23.35965703434232,0.46719314068684636
paired_sparse,6,paired-sparse-id-0006,fast,constant,50,122,51.46198465760918,1.0292396931521837
paired_sparse,7,paired-sparse-id-0007,robust,cfc,45,50,50.05892079533255,1.112420462118501
paired_sparse,7,paired-sparse-id-0007,robust,gru_dt,45,50,49.57350603485261,1.1016334674411692
paired_sparse,7,paired-sparse-id-0007,robust,lstm_dt,45,50,50.53542737872846,1.1230094973050768
paired_sparse,7,paired-sparse-id-0007,robust,mlp_dt,45,50,48.23287717185625,1.071841714930139
paired_sparse,7,paired-sparse-id-0007,robust,gru_param_matched,45,50,49.0283161814265,1.0895181373650333
paired_sparse,7,paired-sparse-id-0007,robust,constant,45,50,62.943300169185484,1.3987400037596773
paired_sparse,8,paired-sparse-id-0008,fast,cfc,41,71,43.181336647000165,1.0532033328536625
paired_sparse,8,paired-sparse-id-0008,fast,gru_dt,41,71,41.82673400868643,1.020164244114303
paired_sparse,8,paired-sparse-id-0008,fast,lstm_dt,41,71,42.42511728128001,1.0347589580800003
paired_sparse,8,paired-sparse-id-0008,fast,mlp_dt,41,71,45.13060982957532,1.1007465812091541
paired_sparse,8,paired-sparse-id-0008,fast,gru_param_matched,41,71,43.481345178502224,1.0605206141098102
paired_sparse,8,paired-sparse-id-0008,fast,constant,41,71,48.578471392531085,1.1848407656714899
paired_sparse,9,paired-sparse-id-0009,robust,cfc,42,69,56.44001819158484,1.3438099569424962
paired_sparse,9,paired-sparse-id-0009,robust,gru_dt,42,69,56.505913004009216,1.3453788810478384
paired_sparse,9,paired-sparse-id-0009,robust,lstm_dt,42,69,57.05627187803216,1.3584826637626706
paired_sparse,9,paired-sparse-id-0009,robust,mlp_dt,42,69,54.38725410595505,1.2949346215703583
paired_sparse,9,paired-sparse-id-0009,robust,gru_param_matched,42,69,56.6611058053546,1.349073947746538
paired_sparse,9,paired-sparse-id-0009,robust,constant,42,69,55.342197179794304,1.317671361423674
paired_sparse,10,paired-sparse-id-0010,fast,cfc,36,89,58.28272447348083,1.618964568707801
paired_sparse,10,paired-sparse-id-0010,fast,gru_dt,36,89,58.946389093064724,1.6373996970295757
paired_sparse,10,paired-sparse-id-0010,fast,lstm_dt,36,89,56.0063993993541,1.555733316648725
paired_sparse,10,paired-sparse-id-0010,fast,mlp_dt,36,89,61.258845272747486,1.7016345909096524
paired_sparse,10,paired-sparse-id-0010,fast,gru_param_matched,36,89,58.26912407159752,1.6185867797665976
paired_sparse,10,paired-sparse-id-0010,fast,constant,36,89,82.12008569235223,2.281113491454229
paired_sparse,11,paired-sparse-id-0011,robust,cfc,31,53,59.166635792133974,1.9086011545849668
paired_sparse,11,paired-sparse-id-0011,robust,gru_dt,31,53,60.54844319320385,1.9531755868775436
paired_sparse,11,paired-sparse-id-0011,robust,lstm_dt,31,53,60.73283241671428,1.959123626345622
paired_sparse,11,paired-sparse-id-0011,robust,mlp_dt,31,53,64.0136066585224,2.064955053500723
paired_sparse,11,paired-sparse-id-0011,robust,gru_param_matched,31,53,60.44063019087332,1.9496977480926878
paired_sparse,11,paired-sparse-id-0011,robust,constant,31,53,71.68247529493507,2.312337912739841
paired_sparse,12,paired-sparse-id-0012,fast,cfc,35,87,34.35723434258514,0.9816352669310039
paired_sparse,12,paired-sparse-id-0012,fast,gru_dt,35,87,38.58827180012837,1.1025220514322391
paired_sparse,12,paired-sparse-id-0012,fast,lstm_dt,35,87,38.23649479370101,1.092471279820029
paired_sparse,12,paired-sparse-id-0012,fast,mlp_dt,35,87,35.22406338261986,1.006401810931996
paired_sparse,12,paired-sparse-id-0012,fast,gru_param_matched,35,87,35.21535352125884,1.0061529577502526
paired_sparse,12,paired-sparse-id-0012,fast,constant,35,87,48.42513369744713,1.3835752484984893
paired_sparse,13,paired-sparse-id-0013,robust,cfc,37,72,46.67027335976789,1.2613587394531862
paired_sparse,13,paired-sparse-id-0013,robust,gru_dt,37,72,47.60633411402003,1.286657678757298
paired_sparse,13,paired-sparse-id-0013,robust,lstm_dt,37,72,49.184406724476,1.3293082898507027
paired_sparse,13,paired-sparse-id-0013,robust,mlp_dt,37,72,49.866378553207014,1.347739960897487
paired_sparse,13,paired-sparse-id-0013,robust,gru_param_matched,37,72,49.108783638075046,1.327264422650677
paired_sparse,13,paired-sparse-id-0013,robust,constant,37,72,53.29007875919343,1.4402723988971196
paired_sparse,14,paired-sparse-id-0014,fast,cfc,44,69,54.51540135778563,1.2389863944951278
paired_sparse,14,paired-sparse-id-0014,fast,gru_dt,44,69,53.91985579167177,1.2254512679925402
paired_sparse,14,paired-sparse-id-0014,fast,lstm_dt,44,69,56.63847374481877,1.287238039654972
paired_sparse,14,paired-sparse-id-0014,fast,mlp_dt,44,69,60.38358168555335,1.3723541292171217
paired_sparse,14,paired-sparse-id-0014,fast,gru_param_matched,44,69,55.224226710574285,1.255096061603961
paired_sparse,14,paired-sparse-id-0014,fast,constant,44,69,55.34219701224247,1.2577772048236926
paired_sparse,15,paired-sparse-id-0015,robust,cfc,45,59,57.916538978436776,1.2870341995208172
paired_sparse,15,paired-sparse-id-0015,robust,gru_dt,45,59,58.99084836610814,1.3109077414690697
paired_sparse,15,paired-sparse-id-0015,robust,lstm_dt,45,59,60.634388727226835,1.3474308606050407
paired_sparse,15,paired-sparse-id-0015,robust,mlp_dt,45,59,58.8422941312368,1.3076065362497067
paired_sparse,15,paired-sparse-id-0015,robust,gru_param_matched,45,59,57.835926046468245,1.2852428010326276
paired_sparse,15,paired-sparse-id-0015,robust,constant,45,59,62.18259228374465,1.3818353840832143
paired_sparse,16,paired-sparse-id-0016,fast,cfc,40,108,30.35047935289756,0.758761983822439
paired_sparse,16,paired-sparse-id-0016,fast,gru_dt,40,108,26.932127948041842,0.673303198701046
paired_sparse,16,paired-sparse-id-0016,fast,lstm_dt,40,108,27.409469497625366,0.6852367374406342
paired_sparse,16,paired-sparse-id-0016,fast,mlp_dt,40,108,28.04293712820703,0.7010734282051757
paired_sparse,16,paired-sparse-id-0016,fast,gru_param_matched,40,108,28.883558382939142,0.7220889595734785
paired_sparse,16,paired-sparse-id-0016,fast,constant,40,108,34.06030455217869,0.8515076138044673
paired_sparse,17,paired-sparse-id-0017,robust,cfc,44,50,52.54822461615839,1.194277832185418
paired_sparse,17,paired-sparse-id-0017,robust,gru_dt,44,50,54.66801294987998,1.2424548397699995
paired_sparse,17,paired-sparse-id-0017,robust,lstm_dt,44,50,55.17357028511161,1.253944779207082
paired_sparse,17,paired-sparse-id-0017,robust,mlp_dt,44,50,53.0041515070678,1.2046398069788138
paired_sparse,17,paired-sparse-id-0017,robust,gru_param_matched,44,50,54.537893298046875,1.2394975749556107
paired_sparse,17,paired-sparse-id-0017,robust,constant,44,50,62.94330067184099,1.4305295607236588
paired_sparse,18,paired-sparse-id-0018,fast,cfc,38,118,17.31236076724585,0.4555884412433118
paired_sparse,18,paired-sparse-id-0018,fast,gru_dt,38,118,13.073464553364662,0.34403854087801744
paired_sparse,18,paired-sparse-id-0018,fast,lstm_dt,38,118,11.583015513398431,0.3048161977210113
paired_sparse,18,paired-sparse-id-0018,fast,mlp_dt,38,118,15.437887239703368,0.4062601905185097
paired_sparse,18,paired-sparse-id-0018,fast,gru_param_matched,38,118,12.48712528630395,0.3286085601658934
paired_sparse,18,paired-sparse-id-0018,fast,constant,38,118,38.011203463723966,1.000294827992736
paired_sparse,19,paired-sparse-id-0019,robust,cfc,41,68,58.6724027163314,1.4310342125934488
paired_sparse,19,paired-sparse-id-0019,robust,gru_dt,41,68,59.67185371326478,1.4554110661771897
paired_sparse,19,paired-sparse-id-0019,robust,lstm_dt,41,68,60.428150986465354,1.4738573411333014
paired_sparse,19,paired-sparse-id-0019,robust,mlp_dt,41,68,57.509630264876435,1.4026739088994253
paired_sparse,19,paired-sparse-id-0019,robust,gru_param_matched,41,68,60.26489589884187,1.4698755097278504
paired_sparse,19,paired-sparse-id-0019,robust,constant,41,68,61.421884113465694,1.498094734474773
high_mobility,0,high_mobility-0000,fast,cfc,89,76,104.47338661214096,1.1738582765409096
high_mobility,0,high_mobility-0000,fast,gru_dt,89,76,92.07622810616647,1.0345643607434434
high_mobility,0,high_mobility-0000,fast,lstm_dt,89,76,93.18036785091715,1.046970425291204
high_mobility,0,high_mobility-0000,fast,mlp_dt,89,76,92.78225235743017,1.0424972174992153
high_mobility,0,high_mobility-0000,fast,gru_param_matched,89,76,91.0341824870489,1.0228559830005495
high_mobility,0,high_mobility-0000,fast,constant,89,76,123.38647906846124,1.386364933353497
high_mobility,1,high_mobility-0001,robust,cfc,99,78,53.747657355787815,0.5429056298564425
high_mobility,1,high_mobility-0001,robust,gru_dt,99,78,52.809582755988956,0.5334301288483733
high_mobility,1,high_mobility-0001,robust,lstm_dt,99,78,54.443557300632094,0.549934922228607
high_mobility,1,high_mobility-0001,robust,mlp_dt,99,78,60.12907041114802,0.6073643475873537
high_mobility,1,high_mobility-0001,robust,gru_param_matched,99,78,52.11351565857749,0.5263991480664393
high_mobility,1,high_mobility-0001,robust,constant,99,78,76.16407508852771,0.7693340918033102
high_mobility,2,high_mobility-0002,fast,cfc,86,104,93.00323255238328,1.0814329366556195
high_mobility,2,high_mobility-0002,fast,gru_dt,86,104,81.30917583517746,0.9454555329671798
high_mobility,2,high_mobility-0002,fast,lstm_dt,86,104,86.4155516699082,1.0048319961617231
high_mobility,2,high_mobility-0002,fast,mlp_dt,86,104,85.4963066418973,0.994143100487178
high_mobility,2,high_mobility-0002,fast,gru_param_matched,86,104,79.26686832890528,0.9217077712663404
high_mobility,2,high_mobility-0002,fast,constant,86,104,144.70939419016727,1.6826673743042706
high_mobility,3,high_mobility-0003,robust,cfc,90,56,63.12649616634575,0.7014055129593972
high_mobility,3,high_mobility-0003,robust,gru_dt,90,56,63.24391756587722,0.7027101951764135
high_mobility,3,high_mobility-0003,robust,lstm_dt,90,56,61.57450035209476,0.6841611150232751
high_mobility,3,high_mobility-0003,robust,mlp_dt,90,56,64.68244160952638,0.7186937956614042
high_mobility,3,high_mobility-0003,robust,gru_param_matched,90,56,63.722582018066916,0.7080286890896323
high_mobility,3,high_mobility-0003,robust,constant,90,56,69.63035730996893,0.7736706367774325
high_mobility,4,high_mobility-0004,fast,cfc,80,123,48.22419603280784,0.602802450410098
high_mobility,4,high_mobility-0004,fast,gru_dt,80,123,43.18000715148488,0.539750089393561
high_mobility,4,high_mobility-0004,fast,lstm_dt,80,123,45.20109929429885,0.5650137411787356
high_mobility,4,high_mobility-0004,fast,mlp_dt,80,123,55.08384911994702,0.6885481139993377
high_mobility,4,high_mobility-0004,fast,gru_param_matched,80,123,50.68801571252784,0.633600196406598
high_mobility,4,high_mobility-0004,fast,constant,80,123,77.75617833785644,0.9719522292232055
high_mobility,5,high_mobility-0005,robust,cfc,85,61,60.874567522596216,0.716171382618779
high_mobility,5,high_mobility-0005,robust,gru_dt,85,61,60.253196945091666,0.7088611405304902
high_mobility,5,high_mobility-0005,robust,lstm_dt,85,61,59.12879082913602,0.6956328332839532
high_mobility,5,high_mobility-0005,robust,mlp_dt,85,61,63.35308506950139,0.7453304125823693
high_mobility,5,high_mobility-0005,robust,gru_param_matched,85,61,61.94102068121016,0.7287178903671784
high_mobility,5,high_mobility-0005,robust,constant,85,61,77.00145308652687,0.9058994480767867
high_mobility,6,high_mobility-0006,fast,cfc,88,92,59.933493944796105,0.6810624311908648
high_mobility,6,high_mobility-0006,fast,gru_dt,88,92,56.161401915856345,0.6381977490438221
high_mobility,6,high_mobility-0006,fast,lstm_dt,88,92,57.91332617800784,0.6581059792955437
high_mobility,6,high_mobility-0006,fast,mlp_dt,88,92,59.725118746433964,0.6786945312094769
high_mobility,6,high_mobility-0006,fast,gru_param_matched,88,92,56.96806518647551,0.6473643771190399
high_mobility,6,high_mobility-0006,fast,constant,88,92,77.37881570381406,0.8793047239069779
high_mobility,7,high_mobility-0007,robust,cfc,80,40,63.79565681505366,0.7974457101881708
high_mobility,7,high_mobility-0007,robust,gru_dt,80,40,60.61825417304199,0.7577281771630249
high_mobility,7,high_mobility-0007,robust,lstm_dt,80,40,61.525259955205364,0.769065749440067
high_mobility,7,high_mobility-0007,robust,mlp_dt,80,40,65.97643851063107,0.8247054813828884
high_mobility,7,high_mobility-0007,robust,gru_param_matched,80,40,59.45483357322096,0.743185419665262
high_mobility,7,high_mobility-0007,robust,constant,80,40,85.97063505649567,1.0746329382061959
high_mobility,8,high_mobility-0008,fast,cfc,94,99,81.13699175433406,0.8631594867482347
high_mobility,8,high_mobility-0008,fast,gru_dt,94,99,71.10201244798162,0.7564043877444854
high_mobility,8,high_mobility-0008,fast,lstm_dt,94,99,75.04015976277432,0.7982995719444077
high_mobility,8,high_mobility-0008,fast,mlp_dt,94,99,76.82898277360738,0.8173296039745466
high_mobility,8,high_mobility-0008,fast,gru_param_matched,94,99,69.78449111961069,0.7423882034001138
high_mobility,8,high_mobility-0008,fast,constant,94,99,104.96441893066557,1.1166427545815487
high_mobility,9,high_mobility-0009,robust,cfc,89,50,67.24452559534835,0.7555564673634646
high_mobility,9,high_mobility-0009,robust,gru_dt,89,50,67.57347414406118,0.7592525184725976
high_mobility,9,high_mobility-0009,robust,lstm_dt,89,50,67.86917506032417,0.7625750006777996
high_mobility,9,high_mobility-0009,robust,mlp_dt,89,50,72.9710405921835,0.8198993324964438
high_mobility,9,high_mobility-0009,robust,gru_param_matched,89,50,67.19430421744303,0.7549921822184611
high_mobility,9,high_mobility-0009,robust,constant,89,50,89.92153363293727,1.0103543104824413
high_mobility,10,high_mobility-0010,fast,cfc,89,105,92.11965775267225,1.0350523342996882
high_mobility,10,high_mobility-0010,fast,gru_dt,89,105,84.01828355267622,0.9440256578952385
high_mobility,10,high_mobility-0010,fast,lstm_dt,89,105,84.23685769379463,0.946481547121288
high_mobility,10,high_mobility-0010,fast,mlp_dt,89,105,75.95594682230386,0.8534376047449872
high_mobility,10,high_mobility-0010,fast,gru_param_matched,89,105,78.63576777474572,0.8835479525252328
high_mobility,10,high_mobility-0010,fast,constant,89,105,108.9449810170077,1.2241009103034575
high_mobility,11,high_mobility-0011,robust,cfc,87,72,55.03291081070451,0.6325621932264885
high_mobility,11,high_mobility-0011,robust,gru_dt,87,72,53.64232373293643,0.616578433711913
high_mobility,11,high_mobility-0011,robust,lstm_dt,87,72,52.99002990054747,0.6090808034545686
high_mobility,11,high_mobility-0011,robust,mlp_dt,87,72,60.92905212078404,0.7003339324228051
high_mobility,11,high_mobility-0011,robust,gru_param_matched,87,72,53.95707195510142,0.6201962293689818
high_mobility,11,high_mobility-0011,robust,constant,87,72,69.4770188106362,0.7985864231107609
high_mobility,12,high_mobility-0012,fast,cfc,91,88,74.02421137412593,0.813452872243142
high_mobility,12,high_mobility-0012,fast,gru_dt,91,88,71.59311647132847,0.7867375436409723
high_mobility,12,high_mobility-0012,fast,lstm_dt,91,88,73.95002244227655,0.8126376092557862
high_mobility,12,high_mobility-0012,fast,mlp_dt,91,88,72.02644058752111,0.7914993471156165
high_mobility,12,high_mobility-0012,fast,gru_param_matched,91,88,69.17338095503382,0.7601470434619101
high_mobility,12,high_mobility-0012,fast,constant,91,88,88.19977296112728,0.969228274298102
high_mobility,13,high_mobility-0013,robust,cfc,93,49,45.80109571464706,0.4924849001574953
high_mobility,13,high_mobility-0013,robust,gru_dt,93,49,44.14969582883023,0.4747279121379595
high_mobility,13,high_mobility-0013,robust,lstm_dt,93,49,44.95574792309877,0.4833951389580513
high_mobility,13,high_mobility-0013,robust,mlp_dt,93,49,48.58835485979914,0.5224554285999907
high_mobility,13,high_mobility-0013,robust,gru_param_matched,93,49,42.70318112454602,0.45917399058651637
high_mobility,13,high_mobility-0013,robust,constant,93,49,58.23169387485488,0.6261472459661814
high_mobility,14,high_mobility-0014,fast,cfc,84,86,76.86150636206209,0.9150179328816915
high_mobility,14,high_mobility-0014,fast,gru_dt,84,86,75.19794106349921,0.8952135840892763
high_mobility,14,high_mobility-0014,fast,lstm_dt,84,86,74.44010769879318,0.8861917583189665
high_mobility,14,high_mobility-0014,fast,mlp_dt,84,86,73.5073349491415,0.875087320823113
high_mobility,14,high_mobility-0014,fast,gru_param_matched,84,86,76.04353748522134,0.9052802081573968
high_mobility,14,high_mobility-0014,fast,constant,84,86,103.06563874131449,1.2269718897775534
high_mobility,15,high_mobility-0015,robust,cfc,81,62,85.19835081658107,1.0518314915627291
high_mobility,15,high_mobility-0015,robust,gru_dt,81,62,81.24956064170058,1.0030809955765505
high_mobility,15,high_mobility-0015,robust,lstm_dt,81,62,78.6917701697243,0.9715033354286949
high_mobility,15,high_mobility-0015,robust,mlp_dt,81,62,76.68497450010707,0.9467280802482355
high_mobility,15,high_mobility-0015,robust,gru_param_matched,81,62,80.76259675402707,0.9970690957287293
high_mobility,15,high_mobility-0015,robust,constant,81,62,87.1087069582815,1.0754161352874259
high_mobility,16,high_mobility-0016,fast,cfc,96,89,86.56374190209877,0.9017056448135289
high_mobility,16,high_mobility-0016,fast,gru_dt,96,89,73.2828779185515,0.7633633116515782
high_mobility,16,high_mobility-0016,fast,lstm_dt,96,89,76.23184603172018,0.7940817294970852
high_mobility,16,high_mobility-0016,fast,mlp_dt,96,89,78.19972338277012,0.8145804519038554
high_mobility,16,high_mobility-0016,fast,gru_param_matched,96,89,75.09025438456177,0.7821901498391851
high_mobility,16,high_mobility-0016,fast,constant,96,89,103.70267317879998,1.0802361789458332
high_mobility,17,high_mobility-0017,robust,cfc,87,50,66.2682346152054,0.7617038461517862
high_mobility,17,high_mobility-0017,robust,gru_dt,87,50,61.82649801827845,0.7106494025089477
high_mobility,17,high_mobility-0017,robust,lstm_dt,87,50,62.31889977536636,0.716309192820303
high_mobility,17,high_mobility-0017,robust,mlp_dt,87,50,62.962665781477064,0.7237088020859432
high_mobility,17,high_mobility-0017,robust,gru_param_matched,87,50,61.0332636508612,0.7015317661018529
high_mobility,17,high_mobility-0017,robust,constant,87,50,73.73459406739481,0.8475240697401702
high_mobility,18,high_mobility-0018,fast,cfc,88,81,82.54285076002455,0.9379869404548244
high_mobility,18,high_mobility-0018,fast,gru_dt,88,81,72.9663864059711,0.8291634818860352
high_mobility,18,high_mobility-0018,fast,lstm_dt,88,81,75.6885356963329,0.8600969965492375
high_mobility,18,high_mobility-0018,fast,mlp_dt,88,81,75.35398712044736,0.8562953081869018
high_mobility,18,high_mobility-0018,fast,gru_param_matched,88,81,70.72508976616557,0.803694201888245
high_mobility,18,high_mobility-0018,fast,constant,88,81,106.48583647759668,1.2100663236090532
high_mobility,19,high_mobility-0019,robust,cfc,95,58,66.27495691931094,0.6976311254664309
high_mobility,19,high_mobility-0019,robust,gru_dt,95,58,66.5167119883333,0.7001759156666663
high_mobility,19,high_mobility-0019,robust,lstm_dt,95,58,67.24483583949804,0.7078403772578741
high_mobility,19,high_mobility-0019,robust,mlp_dt,95,58,65.58557193207255,0.6903744413902374
high_mobility,19,high_mobility-0019,robust,gru_param_matched,95,58,66.23752843073649,0.6972371413761735
high_mobility,19,high_mobility-0019,robust,constant,95,58,73.65792453289032,0.7753465740304244
high_congestion,0,high_congestion-0000,fast,cfc,86,43,75.13036542503119,0.8736089002910603
high_congestion,0,high_congestion-0000,fast,gru_dt,86,43,73.7336943313733,0.8573685387368989
high_congestion,0,high_congestion-0000,fast,lstm_dt,86,43,72.29165636105579,0.8406006553611138
high_congestion,0,high_congestion-0000,fast,mlp_dt,86,43,77.51304549984542,0.9013144825563421
high_congestion,0,high_congestion-0000,fast,gru_param_matched,86,43,72.81652702710834,0.8467038026407946
high_congestion,0,high_congestion-0000,fast,constant,86,43,105.50110319242985,1.2267570138654633
high_congestion,1,high_congestion-0001,robust,cfc,84,35,51.22996348005729,0.6098805176197297
high_congestion,1,high_congestion-0001,robust,gru_dt,84,35,50.38485283334749,0.59981967658747
high_congestion,1,high_congestion-0001,robust,lstm_dt,84,35,53.10193922792509,0.6321659431895844
high_congestion,1,high_congestion-0001,robust,mlp_dt,84,35,59.54702889227443,0.7088932010985052
high_congestion,1,high_congestion-0001,robust,gru_param_matched,84,35,50.469989144069984,0.6008332040960712
high_congestion,1,high_congestion-0001,robust,constant,84,35,83.99518612013371,0.9999426919063537
high_congestion,2,high_congestion-0002,fast,cfc,97,40,60.6924891766215,0.6256957647074382
high_congestion,2,high_congestion-0002,fast,gru_dt,97,40,59.44886971649562,0.6128749455308827
high_congestion,2,high_congestion-0002,fast,lstm_dt,97,40,60.72297551688137,0.6260100568750656
high_congestion,2,high_congestion-0002,fast,mlp_dt,97,40,60.73972645181138,0.6261827469258905
high_congestion,2,high_congestion-0002,fast,gru_param_matched,97,40,58.73724294787705,0.605538587091516
high_congestion,2,high_congestion-0002,fast,constant,97,40,91.3662824328575,0.9419204374521392
high_congestion,3,high_congestion-0003,robust,cfc,83,37,49.11526647683256,0.5917501985160549
high_congestion,3,high_congestion-0003,robust,gru_dt,83,37,46.93148686631169,0.565439600798936
high_congestion,3,high_congestion-0003,robust,lstm_dt,83,37,48.10175313595044,0.5795391944090414
high_congestion,3,high_congestion-0003,robust,mlp_dt,83,37,49.977096960678,0.6021336983214216
high_congestion,3,high_congestion-0003,robust,gru_param_matched,83,37,47.57757826493508,0.5732238345172901
high_congestion,3,high_congestion-0003,robust,constant,83,37,77.23146034962568,0.9304995222846467
high_congestion,4,high_congestion-0004,fast,cfc,90,49,90.2365795784288,1.0026286619825422
high_congestion,4,high_congestion-0004,fast,gru_dt,90,49,87.33255867840487,0.9703617630933874
high_congestion,4,high_congestion-0004,fast,lstm_dt,90,49,84.53862711784905,0.9393180790872117
high_congestion,4,high_congestion-0004,fast,mlp_dt,90,49,87.77180070333262,0.975242230037029
high_congestion,4,high_congestion-0004,fast,gru_param_matched,90,49,88.53202197035671,0.9836891330039634
high_congestion,4,high_congestion-0004,fast,constant,90,49,117.58380573246353,1.306486730360706
high_congestion,5,high_congestion-0005,robust,cfc,92,25,58.18001558800345,0.6323914737826462
high_congestion,5,high_congestion-0005,robust,gru_dt,92,25,58.047107867768375,0.6309468246496562
high_congestion,5,high_congestion-0005,robust,lstm_dt,92,25,58.99542489133286,0.6412546183840528
high_congestion,5,high_congestion-0005,robust,mlp_dt,92,25,59.74195582281365,0.6493690850305832
high_congestion,5,high_congestion-0005,robust,gru_param_matched,92,25,56.12392669115451,0.6100426814255925
high_congestion,5,high_congestion-0005,robust,constant,92,25,96.2312271762553,1.0459915997419054
high_congestion,6,high_congestion-0006,fast,cfc,94,48,83.4000792033593,0.8872348851421202
high_congestion,6,high_congestion-0006,fast,gru_dt,94,48,81.15854872983346,0.863388816274824
high_congestion,6,high_congestion-0006,fast,lstm_dt,94,48,81.10079555442252,0.862774420791729
high_congestion,6,high_congestion-0006,fast,mlp_dt,94,48,83.4388412676191,0.8876472475278627
high_congestion,6,high_congestion-0006,fast,gru_param_matched,94,48,82.68023032632127,0.8795769183651199
high_congestion,6,high_congestion-0006,fast,constant,94,48,102.08090636930515,1.0859670890351611
high_congestion,7,high_congestion-0007,robust,cfc,85,26,58.74853705344495,0.6911592594522935
high_congestion,7,high_congestion-0007,robust,gru_dt,85,26,60.29192655498936,0.7093167829998748
high_congestion,7,high_congestion-0007,robust,lstm_dt,85,26,59.09678668722934,0.695256313967404
high_congestion,7,high_congestion-0007,robust,mlp_dt,85,26,62.900856407104015,0.7400100753776943
high_congestion,7,high_congestion-0007,robust,gru_param_matched,85,26,57.977305110250974,0.6820859424735408
high_congestion,7,high_congestion-0007,robust,constant,85,26,90.15154171704005,1.0606063731416475
high_congestion,8,high_congestion-0008,fast,cfc,89,47,55.90751421292529,0.6281743169991606
high_congestion,8,high_congestion-0008,fast,gru_dt,89,47,55.502252650108055,0.623620816293349
high_congestion,8,high_congestion-0008,fast,lstm_dt,89,47,57.87857324741656,0.6503210477237816
high_congestion,8,high_congestion-0008,fast,mlp_dt,89,47,62.87701927387663,0.7064833626278273
high_congestion,8,high_congestion-0008,fast,gru_param_matched,89,47,54.3911553399429,0.611136576853291
high_congestion,8,high_congestion-0008,fast,constant,89,47,78.47586518690784,0.8817512942349195
high_congestion,9,high_congestion-0009,robust,cfc,89,29,45.80196901418756,0.5146288653279502
high_congestion,9,high_congestion-0009,robust,gru_dt,89,29,45.317472677352185,0.5091850862623841
high_congestion,9,high_congestion-0009,robust,lstm_dt,89,29,46.83042021505,0.5261844967983146
high_congestion,9,high_congestion-0009,robust,mlp_dt,89,29,52.60685755574948,0.5910882871432526
high_congestion,9,high_congestion-0009,robust,gru_param_matched,89,29,44.080747569114536,0.4952892985293768
high_congestion,9,high_congestion-0009,robust,constant,89,29,77.3081301354579,0.8686306756793023
high_congestion,10,high_congestion-0010,fast,cfc,90,56,71.60695158039272,0.7956327953376968
high_congestion,10,high_congestion-0010,fast,gru_dt,90,56,69.87498545689849,0.7763887272988721
high_congestion,10,high_congestion-0010,fast,lstm_dt,90,56,70.55403972643333,0.7839337747381481
high_congestion,10,high_congestion-0010,fast,mlp_dt,90,56,77.05372339901092,0.8561524822112324
high_congestion,10,high_congestion-0010,fast,gru_param_matched,90,56,70.76763332491464,0.786307036943496
high_congestion,10,high_congestion-0010,fast,constant,90,56,91.21294336384851,1.0134771484872056
high_congestion,11,high_congestion-0011,robust,cfc,89,37,51.94320225440677,0.5836314860045705
high_congestion,11,high_congestion-0011,robust,gru_dt,89,37,50.90705168516481,0.5719893447771327
high_congestion,11,high_congestion-0011,robust,lstm_dt,89,37,51.5347847307106,0.579042525064164
high_congestion,11,high_congestion-0011,robust,mlp_dt,89,37,53.403073336423454,0.6000345318699264
high_congestion,11,high_congestion-0011,robust,gru_param_matched,89,37,50.55565432993074,0.5680410598868623
high_congestion,11,high_congestion-0011,robust,constant,89,37,71.83581402884039,0.8071439778521392
high_congestion,12,high_congestion-0012,fast,cfc,85,51,73.79348287323003,0.8681586220380004
high_congestion,12,high_congestion-0012,fast,gru_dt,85,51,74.46591448573497,0.8760695821851173
high_congestion,12,high_congestion-0012,fast,lstm_dt,85,51,72.80094252273179,0.856481676738021
high_congestion,12,high_congestion-0012,fast,mlp_dt,85,51,77.70008279976813,0.9141186211737427
high_congestion,12,high_congestion-0012,fast,gru_param_matched,85,51,74.2863232746063,0.873956744407133
high_congestion,12,high_congestion-0012,fast,constant,85,51,105.42443384223239,1.2402874569674398
high_congestion,13,high_congestion-0013,robust,cfc,90,37,60.61643891162781,0.6735159879069756
high_congestion,13,high_congestion-0013,robust,gru_dt,90,37,59.599968605553826,0.6622218733950425
high_congestion,13,high_congestion-0013,robust,lstm_dt,90,37,60.9587145053627,0.6773190500595856
high_congestion,13,high_congestion-0013,robust,mlp_dt,90,37,60.915443226214286,0.6768382580690476
high_congestion,13,high_congestion-0013,robust,gru_param_matched,90,37,59.54089642100766,0.6615655157889739
high_congestion,13,high_congestion-0013,robust,constant,90,37,82.62710687147316,0.9180789652385907
high_congestion,14,high_congestion-0014,fast,cfc,96,42,83.48111299154797,0.8695949269952914
high_congestion,14,high_congestion-0014,fast,gru_dt,96,42,81.42473072005342,0.8481742783338898
high_congestion,14,high_congestion-0014,fast,lstm_dt,96,42,83.28164607739205,0.8675171466395005
high_congestion,14,high_congestion-0014,fast,mlp_dt,96,42,85.42155708663537,0.8898078863191184
high_congestion,14,high_congestion-0014,fast,gru_param_matched,96,42,80.67031251098004,0.8403157553227087
high_congestion,14,high_congestion-0014,fast,constant,96,42,106.18514268271866,1.1060952362783194
high_congestion,15,high_congestion-0015,robust,cfc,96,31,48.40939504855393,0.5042645317557701
high_congestion,15,high_congestion-0015,robust,gru_dt,96,31,48.52311275252477,0.505449091172133
high_congestion,15,high_congestion-0015,robust,lstm_dt,96,31,50.11675348194606,0.5220495154369381
high_congestion,15,high_congestion-0015,robust,mlp_dt,96,31,52.177371068223565,0.5435142819606621
high_congestion,15,high_congestion-0015,robust,gru_param_matched,96,31,47.47035681498151,0.4944828834893907
high_congestion,15,high_congestion-0015,robust,constant,96,31,70.54440434819467,0.7348375452936945
high_congestion,16,high_congestion-0016,fast,cfc,88,50,68.89398327434733,0.7828861735721288
high_congestion,16,high_congestion-0016,fast,gru_dt,88,50,67.04745777100494,0.7619029292159653
high_congestion,16,high_congestion-0016,fast,lstm_dt,88,50,69.03577848649519,0.7844974828010817
high_congestion,16,high_congestion-0016,fast,mlp_dt,88,50,73.84232738696286,0.8391173566700325
high_congestion,16,high_congestion-0016,fast,gru_param_matched,88,50,67.69105003252298,0.7692164776423066
high_congestion,16,high_congestion-0016,fast,constant,88,50,95.31718032233658,1.0831497763901885
high_congestion,17,high_congestion-0017,robust,cfc,90,30,58.77567744494641,0.6530630827216268
high_congestion,17,high_congestion-0017,robust,gru_dt,90,30,58.16820384493695,0.646313376054855
high_congestion,17,high_congestion-0017,robust,lstm_dt,90,30,59.18994390192848,0.6576660433547609
high_congestion,17,high_congestion-0017,robust,mlp_dt,90,30,62.26757660798805,0.6918619623109783
high_congestion,17,high_congestion-0017,robust,gru_param_matched,90,30,56.896529691774944,0.6321836632419439
high_congestion,17,high_congestion-0017,robust,constant,90,30,92.81103002640452,1.0312336669600504
high_congestion,18,high_congestion-0018,fast,cfc,88,62,78.92014505413445,0.8968198301606187
high_congestion,18,high_congestion-0018,fast,gru_dt,88,62,77.95552915333388,0.8858582858333396
high_congestion,18,high_congestion-0018,fast,lstm_dt,88,62,76.44568603752731,0.868700977699174
high_congestion,18,high_congestion-0018,fast,mlp_dt,88,62,79.47517702393903,0.9031270116356708
high_congestion,18,high_congestion-0018,fast,gru_param_matched,88,62,78.27542047161987,0.8894934144502258
high_congestion,18,high_congestion-0018,fast,constant,88,62,97.89999978415909,1.1124999975472625
high_congestion,19,high_congestion-0019,robust,cfc,93,27,51.94354409108712,0.5585327321622271
high_congestion,19,high_congestion-0019,robust,gru_dt,93,27,50.86749782256268,0.5469623421780934
high_congestion,19,high_congestion-0019,robust,lstm_dt,93,27,52.02734880181752,0.5594338580840593
high_congestion,19,high_congestion-0019,robust,mlp_dt,93,27,51.78295796078061,0.5568059995782861
high_congestion,19,high_congestion-0019,robust,gru_param_matched,93,27,51.25165169542946,0.5510930289831124
high_congestion,19,high_congestion-0019,robust,constant,93,27,78.67620903225962,0.8459807422823615
