hazard_model,regime,policy,scenario,replicate,seed,events,generated,delivered,timely_critical,generated_critical,goal_utility_ratio,critical_success_rate,mean_latency,energy,outages,recoveries,reroutes,handovers,final_queued,final_inflight,state_hash
gru_param_matched,id,throughput,0,0,6055236848070140287,313,61,24,3,14,0.21949065004452376,0.21428571428571427,4.77102372807741,62.303999999999995,5,4,18,5,31,6,a9d7ef1f5f79bdcb166afcd299cbe24a03cc6c3509e99917d2b1ffbc0591d03d
gru_param_matched,id,throughput,0,1,9301045735556599087,353,83,43,8,34,0.20684820177487165,0.23529411764705882,4.9181725375323815,94.11999999999995,3,2,12,1,34,6,0f00a80b4fbf35d0d8d23fa4458d74c1de251349298a7c5558a0300de05cc781
gru_param_matched,id,semantic,0,0,6055236848070140287,341,61,35,3,16,0.19283070539419098,0.1875,5.941554229631502,75.28399999999998,5,4,21,5,20,6,19d9040dff9bcca59e2a50342a51b5798fad331b3be44852eaa402872f07aeaa
gru_param_matched,id,semantic,0,1,9301045735556599087,340,59,50,6,22,0.2678276343335661,0.2727272727272727,5.714388827474588,113.86400000000003,2,2,9,2,0,9,b1f6fd89052fbc082ffc94b729ce86d1119c27f0f9494eb06144538ca19669b3
gru_param_matched,id,throughput,1,0,682881298356813486,323,55,26,3,16,0.20291746307558653,0.1875,4.484875670120328,60.739999999999995,6,4,23,7,29,0,562603b7ae436becaaf6f9916fefdda241b94aad32565543632c0b4d752185c8
gru_param_matched,id,throughput,1,1,8686844158653890247,331,64,25,4,24,0.1628006410256411,0.16666666666666666,6.518492578936401,57.72399999999998,5,5,20,5,30,9,631157c86f83ca0fd6018cf20bfeb43251bdcef129938cbe4da56b91e4a18527
gru_param_matched,id,semantic,1,0,682881298356813486,349,78,28,4,23,0.15699696048632225,0.17391304347826086,5.314779031289894,55.324000000000005,5,4,22,6,47,3,985a829b65942f7a7002ca8cae65ee499ee6261254dd4381e231a6f4a066abb1
gru_param_matched,id,semantic,1,1,8686844158653890247,347,74,30,5,26,0.1590421478060047,0.19230769230769232,5.793316665963484,60.275999999999996,5,4,20,8,41,3,47f1eb1154c66b1681aebcee458110ab94652c7d6af30aebf2da0dabf944053f
gru_param_matched,id,throughput,2,0,1933114542597371799,311,51,29,5,18,0.2499883040935673,0.2777777777777778,5.767974203869818,61.47199999999997,5,4,17,5,16,6,4371fd0ee4126d63d501621f458d903d2297d3adbfd0395672745f704947e460
gru_param_matched,id,throughput,2,1,3576444475163681009,327,62,45,4,19,0.2720643231114436,0.21052631578947367,4.866998256810852,110.44799999999994,2,2,3,8,8,9,f214b04f2398d08b41b9c3d843ec8d60d661a2040364cfed7252eea797909bdb
gru_param_matched,id,semantic,2,0,1933114542597371799,295,57,26,6,20,0.2368904726181546,0.3,6.268546792616731,51.27199999999999,4,3,11,3,25,6,048bc8dd2646d176508d445418f8ee2b01b887aef9c05cf4690d56d7bb6099db
gru_param_matched,id,semantic,2,1,3576444475163681009,326,62,37,8,14,0.46971289752650186,0.5714285714285714,2.1438995381351718,88.65999999999997,4,2,15,6,25,0,d0931084c7d4cadb3be433098eb1634d9e7be42126b049e07c4c9f3d80582817
gru_param_matched,id,throughput,3,0,4075354663187747816,379,66,46,9,20,0.40217256011315433,0.45,2.8777837066225174,101.656,6,5,19,4,14,6,94c0e775ad282169244f839c4afb2acc3368d425921abf1fdb8eef35251d3219
gru_param_matched,id,throughput,3,1,12103483579776137634,350,67,30,2,20,0.13535628952916384,0.1,5.612811249924936,70.10399999999997,5,4,21,4,31,6,17517112490c20dc43d456f112706d9d63065878d58e48ce027ae6822de68e6a
gru_param_matched,id,semantic,3,0,4075354663187747816,353,58,44,10,24,0.398144090305445,0.4166666666666667,2.5266855337005225,94.29200000000003,6,4,15,5,14,0,6a278565cd6eae5feb623a41631c5b4ad02344050e1f4fed372850542846eba5
gru_param_matched,id,semantic,3,1,12103483579776137634,378,61,37,4,14,0.27639626001780965,0.2857142857142857,4.645227715256579,82.86399999999998,6,6,27,6,15,9,81bc91f7ed89f590d7cb40d43dbd4f4cc9954efd86e95bf5e3e64d886a88b899
gru_param_matched,id,throughput,4,0,12371909476235374052,300,65,25,1,24,0.048378585086042085,0.041666666666666664,10.415304174836663,50.99199999999999,3,3,12,4,31,9,77b4dafbe0ef9bf1fc2a961c591d01712d5536061b04303e00772bc336bf7488
gru_param_matched,id,throughput,4,1,599081499421017620,289,62,20,2,26,0.08251847290640396,0.07692307692307693,10.022195394888255,37.64,4,3,14,7,39,3,11b96f61245348fb798b67aff72486679b761e13e09ef35014d454c08e0a70cd
gru_param_matched,id,semantic,4,0,12371909476235374052,307,64,29,2,25,0.08169081823860092,0.08,9.503562015770589,50.023999999999994,3,3,12,4,26,9,cd2d09ba258333f35af81fa3561ad7dba36de607a8cc9fe73ed359be81f261d9
gru_param_matched,id,semantic,4,1,599081499421017620,285,64,17,2,26,0.0778976857490865,0.07692307692307693,9.881970298542726,32.839999999999996,4,3,14,7,44,3,1139cfc8a6e79c3d31a05f04e7c8ef72e32664b61658c2c29dcc52423cba0c7b
gru_param_matched,id,throughput,5,0,15500975987367173758,300,58,18,2,19,0.09543581860107615,0.10526315789473684,5.9928514776662745,34.45199999999999,6,5,20,6,34,6,8f97f2dd41e093e6b57c0c3a2edfdedd87d32278228a4447deae977b3e0b5e98
gru_param_matched,id,throughput,5,1,13811391642145551356,345,64,43,1,19,0.05526199261992623,0.05263157894736842,9.399334540091834,102.76,5,4,16,8,18,3,10bf02acb9dc425c602a82a4ab5cd0c07a826eb0746a5da7babde5731d01ea44
gru_param_matched,id,semantic,5,0,15500975987367173758,340,65,37,1,23,0.051861256544502646,0.043478260869565216,7.574098893064575,71.81199999999997,6,4,20,8,28,0,51b30396b59c38647d474adf7c11bd730d4f02847ee0ff5c1f737aba491359f3
gru_param_matched,id,semantic,5,1,13811391642145551356,326,66,40,3,20,0.1207340876944838,0.15,8.651582474006746,86.54799999999999,4,3,10,7,23,3,89a995ea5390fc6cb40c99c6ebb9fd37030c1cd469d722f96e0b4d6711cf59b8
gru_param_matched,sparse,throughput,0,0,7329439452037523132,231,58,33,3,16,0.2082597623089984,0.1875,5.781559200928215,83.328,3,2,10,7,22,3,0d131061183c3d72f1641026042ee9619fd8925ff900249847f52be590d7f916
gru_param_matched,sparse,throughput,0,1,12770100798955844057,218,54,23,4,17,0.20906339814032135,0.23529411764705882,5.276399386042525,47.768,5,4,12,7,25,6,683c4d036958f0ab494184c475db3bd17052c07787257247503f53d2f26fa5f7
gru_param_matched,sparse,semantic,0,0,7329439452037523132,251,49,36,1,12,0.1435723472668811,0.08333333333333333,6.279390978550605,90.32400000000001,4,3,20,8,10,3,f7d7ffc6b71676a6702f8be16a3e912853d2a403c8effff5124d6e3ab657ae1d
gru_param_matched,sparse,semantic,0,1,12770100798955844057,238,61,35,5,28,0.17892575132586924,0.17857142857142858,4.905607836517703,70.74800000000002,4,3,9,7,23,3,4cb42927907629e7968667f8200c35df6ef8d11fad4cf62f243ef16a073414fe
gru_param_matched,sparse,throughput,1,0,15756074002345153747,246,48,24,1,10,0.10608551068883613,0.1,8.726753918447994,65.004,7,6,29,5,18,6,5f9991830427271fab65fa2773131088ab2c969086d36e643f2bb25699f99e34
gru_param_matched,sparse,throughput,1,1,7404132351795104433,232,62,28,1,23,0.06093071285809464,0.043478260869565216,8.191497169771228,60.29199999999998,4,2,17,6,34,0,939b3837409e90e0bcabadeb395d0258b9d8ffd0ebbeda1934120e19ccaf33ed
gru_param_matched,sparse,semantic,1,0,15756074002345153747,218,55,24,3,13,0.1909951361867705,0.23076923076923078,7.127421254946847,63.56400000000001,5,3,16,7,31,0,2ac9aff5bdaa0529925a7e4f29a8a67081bbc8f43720e43f263a1e298e888aab
gru_param_matched,sparse,semantic,1,1,7404132351795104433,266,69,37,2,24,0.09237507788161997,0.08333333333333333,5.535272756966192,79.156,4,3,17,8,26,6,dfba42a536a22a7e0a31b5a042b43be3fbf52f613bbc609c218f1c2ea7d9a8fa
gru_param_matched,sparse,throughput,2,0,6967950309387136306,276,62,51,4,17,0.3183832669322711,0.23529411764705882,3.3270644762965804,125.66400000000002,4,3,15,7,8,3,b4f1b3c1500e304f1178fbe798e11cf279d9bb5dff0f058a8e7fea3b0359482b
gru_param_matched,sparse,throughput,2,1,7891552829928961462,214,58,30,2,10,0.15515665236051512,0.2,9.697626495347288,78.24,2,2,6,6,19,9,ba84f29156fcfe8793eaa712790adf3e094413486320050db365ec521712dc4c
gru_param_matched,sparse,semantic,2,0,6967950309387136306,267,60,46,8,20,0.426352205882353,0.4,2.9533339372901715,110.54800000000004,5,4,16,6,11,3,49e8b007c9fd1b2eeee5cea854886efa6a0c36cac766c032f291c62c880dcbc2
gru_param_matched,sparse,semantic,2,1,7891552829928961462,194,62,18,2,10,0.13419421487603314,0.2,7.701814986912796,45.89999999999999,2,2,6,6,35,9,5ba64b8723e015c4307e0ec3198fdf9f81045e0c4f8975c7b28a5a2ebe615ef7
gru_param_matched,sparse,throughput,3,0,14376945979335104901,154,54,6,1,18,0.06496977124183011,0.05555555555555555,0.6650554101459247,14.892000000000001,2,0,6,6,48,0,72ac80b7b2b6c2f679d1b4dd8c8a1f69b0a764d9f5f6b7b10e18147ad90740db
gru_param_matched,sparse,throughput,3,1,9030033506271325416,268,73,38,2,16,0.15753008377760863,0.125,6.2848607665077525,97.364,4,3,15,8,29,6,e8650d73670a54ea66b92dc76143159f48fc74d055661d35be83e6d03432da66
gru_param_matched,sparse,semantic,3,0,14376945979335104901,154,54,6,1,18,0.06496977124183011,0.05555555555555555,0.657760111254362,14.892000000000001,2,0,6,6,48,0,ff69bd1e822e01df9f49c01527c90f7120d5b3e14b8995efb8e564cc0cf37db4
gru_param_matched,sparse,semantic,3,1,9030033506271325416,234,73,32,1,22,0.08209493264913409,0.045454545454545456,4.813155682729294,75.41600000000003,3,1,9,7,41,0,9113b08ff6a847017543dc0200ef5ec8ea976c21e0154c3490d15e516f88815f
gru_param_matched,sparse,throughput,4,0,348948055676278901,278,61,50,5,15,0.38645360824742303,0.3333333333333333,3.7628955350055584,125.13200000000003,4,2,16,8,11,0,3fcc2d3d73583f92eb524784bd7684c8df8824aad04a4091130fe9060b28ffd5
gru_param_matched,sparse,throughput,4,1,2085680068083042615,270,64,42,4,23,0.20239368005266625,0.17391304347826086,6.230011760300567,94.23599999999996,4,3,15,8,16,6,de03847218b91dcff00cc1f2ef6ce64332e75a7facf34999e437af4933744ed0
gru_param_matched,sparse,semantic,4,0,348948055676278901,281,65,47,7,14,0.4264236410698881,0.5,4.1594314424513525,119.50400000000002,4,3,16,6,12,6,cf743d13334741181b50a9447a2483f9936c277cb50635bebcfb9ccd68889923
gru_param_matched,sparse,semantic,4,1,2085680068083042615,222,75,18,5,24,0.1701832429174202,0.20833333333333334,4.561868118441503,35.78399999999999,4,2,15,4,57,0,0aa0e44786d7eabae04ecb5aceff6f728311d3689902b19fe33bfb3d96c29c35
gru_param_matched,sparse,throughput,5,0,15172059451328943622,245,53,48,4,16,0.25598058252427197,0.25,7.8098369557640455,109.09199999999996,2,2,5,7,0,5,3fa6895a19811d6c48ab2d07443ca40947edf5078e4cebfa04e29feb99d081c0
gru_param_matched,sparse,throughput,5,1,2432095344430596110,292,72,51,6,27,0.22103874643874646,0.2222222222222222,4.552344437840854,112.56,4,3,15,8,18,3,f985b0888c1049fb473c1fb7bd1232dfe174b3426d17ac98c5d63146ac494f86
gru_param_matched,sparse,semantic,5,0,15172059451328943622,240,52,46,2,16,0.15973665480427057,0.125,7.330883178591806,103.81599999999996,2,2,5,6,0,6,b542959a1cd6f7a519108aa78d13736deb7e950dfc990391d9be6bfe17796aeb
gru_param_matched,sparse,semantic,5,1,2432095344430596110,250,71,30,5,22,0.19831667748215448,0.22727272727272727,3.388496761227659,64.81199999999998,5,3,18,5,41,0,83623489b5fc7bef476c8b36478e7e3a27065f40fe77716ff888ff01aa74a182
