regime,hazard_model,policy,n_scenarios,replicates_per_scenario,goal_utility_ratio_mean,goal_utility_ratio_ci_lo,goal_utility_ratio_ci_hi,critical_success_rate_mean,critical_success_rate_ci_lo,critical_success_rate_ci_hi,mean_latency_mean,mean_latency_ci_lo,mean_latency_ci_hi,energy_mean,energy_ci_lo,energy_ci_hi,outages_mean,outages_ci_lo,outages_ci_hi,reroutes_mean,reroutes_ci_lo,reroutes_ci_hi
id,cfc,semantic,6,2,0.123277984308941,0.07745815450760368,0.17225501506255983,0.13726871325555534,0.08217049763102392,0.19440340361392994,5.232963773587557,3.8586162998555857,6.65614287572778,45.086999999999996,28.953666666666667,63.88633333333332,4.75,4.0,5.5,18.416666666666668,13.166666666666666,22.666666666666668
id,cfc,throughput,6,2,0.12460925707455785,0.08460269966527378,0.1776584534710471,0.1324930635327391,0.08343684083100555,0.19476191601002285,5.479926832772736,3.9883654088266547,6.949199439103931,44.47766666666666,34.08066666666666,53.031,4.916666666666667,4.083333333333333,5.583333333333333,19.333333333333332,13.5,24.166666666666668
id,constant,semantic,6,2,0.21271602182401703,0.17968943512106417,0.24099268444143673,0.2248131603966844,0.1824320416425679,0.27311215354693613,5.893599546506654,5.032983696858078,6.761116704999644,78.62100000000002,69.41733333333333,88.21033333333334,5.333333333333333,5.0,5.5,19.166666666666668,16.666666666666668,21.083333333333332
id,constant,throughput,6,2,0.19800826598254662,0.12152243960637715,0.28067499028496173,0.1882502455458269,0.11964215403120944,0.2634169594991703,6.56689041764304,5.361689365358195,7.85698486293552,92.012,65.90733333333334,115.89233333333335,4.75,4.333333333333333,5.166666666666667,18.166666666666668,16.75,19.75
id,gru_dt,semantic,6,2,0.15646082800468952,0.09073226063557414,0.230974398188892,0.15851160695576721,0.08484838745921437,0.24239547670920222,6.436218198886603,4.973044187599328,8.055452644314002,67.04399999999998,50.29933333333333,78.38466666666666,5.416666666666667,4.166666666666667,6.833333333333333,21.166666666666668,14.25,28.333333333333332
id,gru_dt,throughput,6,2,0.1449099936664984,0.07308632103525242,0.2298612316841452,0.12722121860016147,0.06038466916557281,0.2158248081841432,6.616725235282222,5.371954716801214,8.080903755686572,67.70766666666667,47.714999999999996,87.70033333333333,4.333333333333333,3.5,5.333333333333333,16.166666666666668,10.75,21.583333333333332
id,gru_param_matched,semantic,6,2,0.20750208472622236,0.12107470977855343,0.2970294396187801,0.22922157250961595,0.13031715567041655,0.334071508201943,6.163301001287759,4.540050439469183,7.885001831566473,71.92166666666667,56.77333333333333,85.87766666666664,4.5,3.8333333333333335,5.25,16.333333333333332,13.666666666666666,19.0
id,gru_param_matched,throughput,6,2,0.17776944183178334,0.11128716175991359,0.23967724016231942,0.17654458938321163,0.10978420551756463,0.24002955714449517,6.303984793281473,4.863859911868995,8.11643743679995,70.36766666666665,57.777666666666654,81.74966666666664,4.583333333333333,3.8333333333333335,5.25,16.25,13.0,19.333333333333332
id,oracle,semantic,6,2,0.15965844679378918,0.11415687766885733,0.2157409849079902,0.16801347457158222,0.10927423931305051,0.23673366018222872,6.454437289268827,5.476644207209702,7.418316715133881,61.059,45.58366666666665,78.88866666666665,4.083333333333333,3.5,4.583333333333333,15.166666666666666,12.166666666666666,17.5
id,oracle,throughput,6,2,0.14984818416346676,0.09302698695706861,0.2112550699210857,0.1424572990362464,0.06326736920486918,0.221617490696438,6.269338553342423,5.118122125991914,7.529623814479751,60.919666666666664,47.352,76.37899999999999,4.0,3.3333333333333335,4.666666666666667,14.75,11.833333333333334,17.416666666666668
sparse,cfc,semantic,6,2,0.18522703450568279,0.11126091429800213,0.26338511264068615,0.2053463953057606,0.11967719780219781,0.29785319255907483,5.515846617085003,4.230293792012332,6.983334113418966,66.32066666666667,49.41633333333334,84.0716666666667,3.75,3.0833333333333335,4.416666666666667,14.0,11.833333333333334,16.083333333333332
sparse,cfc,throughput,6,2,0.17220378998262478,0.08800624910822519,0.2695582705210103,0.15555148433437904,0.06169871794871793,0.25833683859999645,6.364447088781851,4.959443427309716,7.803892028089778,77.175,50.69266666666667,105.99866666666667,3.4166666666666665,2.9166666666666665,3.9166666666666665,12.0,9.916666666666666,14.083333333333334
sparse,constant,semantic,6,2,0.24185990768361776,0.18394073237293976,0.30219606989098907,0.2478942290441146,0.18679931179931175,0.31112174227162787,5.43797212860274,5.094054572219147,5.886288362296505,80.03666666666668,62.42933333333332,98.31884999999937,4.166666666666667,3.5,4.916666666666667,15.833333333333334,12.083333333333334,19.333333333333332
sparse,constant,throughput,6,2,0.24452082144719087,0.19334022159663808,0.2939709503214775,0.23637745197315582,0.1681828072131276,0.29933267308055084,5.5871139039539335,4.844231854845302,6.7017341882459585,88.34700000000002,69.62966666666667,102.83900000000001,4.5,4.0,5.0,17.083333333333332,12.833333333333334,21.083333333333332
sparse,gru_dt,semantic,6,2,0.23896586758760008,0.1491082480702046,0.3179188358270026,0.25040950406662477,0.13737217374988273,0.35080493551855785,5.288159954981609,4.895210746552933,5.81944242973766,86.711,64.66466666666668,108.90599999999999,4.916666666666667,4.166666666666667,5.666666666666667,18.083333333333332,14.333333333333334,21.916666666666668
sparse,gru_dt,throughput,6,2,0.18303345803608514,0.1056423621955153,0.25636723812989975,0.1674703088306029,0.07524412542794894,0.25527765399088925,5.8927751310107075,5.101323095631469,6.89019156667096,77.81233333333331,58.298333333333325,98.231,4.75,3.8333333333333335,5.666666666666667,17.166666666666668,12.416666666666666,22.166666666666668
sparse,gru_param_matched,semantic,6,2,0.18901163779868535,0.128451772233157,0.2496136058254843,0.19480195730195726,0.11601708476708474,0.27826479076479077,4.951203087156691,3.9586703810817028,5.755826209832094,72.872,60.93033333333335,80.89566666666666,3.6666666666666665,3.1666666666666665,4.083333333333333,12.75,10.083333333333334,15.083333333333334
sparse,gru_param_matched,throughput,6,2,0.1955204812976319,0.13453430045019474,0.25188302618902675,0.18013255422942123,0.12346488112153074,0.23287510656436491,5.858825459366545,4.6667970098217575,7.102737652683671,84.46433333333333,66.90533333333333,101.61033333333332,3.75,3.1666666666666665,4.583333333333333,13.416666666666666,10.416666666666666,17.583333333333332
sparse,oracle,semantic,6,2,0.17553775766572,0.11144818743619402,0.2346428253696328,0.17128483429417216,0.10064509391758965,0.22994826810616278,5.302137606970469,4.200375875845309,6.409833747130257,68.472,44.495666666666665,90.58399999999999,4.25,2.9166666666666665,5.666666666666667,17.083333333333332,9.583333333333334,26.166666666666668
sparse,oracle,throughput,6,2,0.15125939400661406,0.09253583535337312,0.20771543333186837,0.14142804812387783,0.07037278129955472,0.2079752235375519,5.293696544587732,4.096139091495813,6.419510034996454,65.28133333333334,41.208999999999996,92.01199999999999,3.6666666666666665,2.8333333333333335,4.5,13.5,8.5,19.0
