model,regime,scenario,replicate,policy,seed,events,goal_utility_ratio,critical_success_rate,mean_latency,energy,generated,delivered,outages,recoveries,handovers,reroutes,final_hash,thinning_rejections,thinning_windows,scenario_mobility,scenario_stress,scenario_channel,scenario_demand
oracle,id,0,0,throughput,1.3492057916867258e+19,61,0.5405986013986014,0.3333333333333333,1.521437938229054,42.424,20,17,0,0,4,0,31f8d02a242e83ec180df7436bbde03bea9b5f4d7a647230fe78bd99bfded0f0,109,2,0.9206467734452074,1.2063837022836104,1.0036470800093098,0.9499792732766998
oracle,id,0,0,semantic,1.3492057916867258e+19,61,0.5405986013986014,0.3333333333333333,1.517762157449022,42.424,20,17,0,0,4,0,031dc583c10a819dc6b1dbe3dc5d4ff411cf2967543897625fd0c89051766489,109,2,0.9206467734452074,1.2063837022836104,1.0036470800093098,0.9499792732766998
cfc_closed,id,0,0,throughput,1.3492057916867258e+19,59,0.7464677966101694,0.8,1.1949843469972052,38.152,18,17,0,0,6,0,7e024ec1e62cb18f25efb59faaa774e53ed13d13c23d5eee397aeabb0802e54c,87,4,0.9206467734452074,1.2063837022836104,1.0036470800093098,0.9499792732766998
cfc_closed,id,0,0,semantic,1.3492057916867258e+19,57,0.8650050370370369,1.0,1.2595683519229008,38.93999999999999,18,17,0,0,4,0,98422c768966a886fe4b974634f669fbadedc2ad060893632d14191819e48a26,89,4,0.9206467734452074,1.2063837022836104,1.0036470800093098,0.9499792732766998
cfc_nojump,id,0,0,throughput,1.3492057916867258e+19,59,0.7146953846153846,0.75,1.195367596854139,39.804,18,17,0,0,6,0,4dd6e58a891f470c762ebe72ec43bc728ee6931b8db7c07b37c658727f904e27,87,4,0.9206467734452074,1.2063837022836104,1.0036470800093098,0.9499792732766998
cfc_nojump,id,0,0,semantic,1.3492057916867258e+19,60,0.6306899447513813,0.6,1.190349066013845,39.372,19,17,0,0,6,0,df6f6c6d42fb655bc4debf1eb32b33816b372a4d7d9185bc7878fe7a69811c68,89,4,0.9206467734452074,1.2063837022836104,1.0036470800093098,0.9499792732766998
gru_closed,id,0,0,throughput,1.3492057916867258e+19,56,0.8375087407407407,1.0,1.254223967680447,38.93999999999999,18,17,0,0,3,0,c27902a0655c44f6b69cb99a85ec033ec010ea6bc032472bc422adea8058a5c1,90,4,0.9206467734452074,1.2063837022836104,1.0036470800093098,0.9499792732766998
gru_closed,id,0,0,semantic,1.3492057916867258e+19,60,0.656047524752475,0.6666666666666666,1.1881934076168368,38.152,19,17,0,0,6,0,c1e385ac67dc87c67273f07e42a5f2b39de945eaa42cf6d8698bf61fa02b092a,89,4,0.9206467734452074,1.2063837022836104,1.0036470800093098,0.9499792732766998
oracle,id,0,1,throughput,1.6361355900082276e+19,61,0.6252594871794872,0.75,0.3495192593733284,25.643999999999995,18,12,3,1,7,4,8aff35dd988bd5fb1b39d1b6b96d245ec0c36c79a6ed59358816ae373f3fe7f3,40,4,0.9206467734452074,1.2063837022836104,1.0036470800093098,0.9499792732766998
oracle,id,0,1,semantic,1.6361355900082276e+19,55,0.8557203149606301,1.0,0.3998969646564951,30.443999999999992,16,14,2,2,5,0,483dbb34144e5b9a3dd07dc447257fa279b97e438608aaabb4e84e31ec4cbc21,44,3,0.9206467734452074,1.2063837022836104,1.0036470800093098,0.9499792732766998
cfc_closed,id,0,1,throughput,1.6361355900082276e+19,62,0.6430810256410255,0.75,0.4141567095538505,28.476,18,13,3,3,8,0,1a0f8ee21ed5c186ad25c5dbd57abb9f5f938eaa3f208c37f59b5b1e8493c32e,60,3,0.9206467734452074,1.2063837022836104,1.0036470800093098,0.9499792732766998
cfc_closed,id,0,1,semantic,1.6361355900082276e+19,58,0.8154589090909092,1.0,0.3626319119204099,32.70799999999999,17,14,2,2,6,0,77d2e02165f0e526133345f59660b1314221ab3564e3c496d429d032b00a74c5,48,3,0.9206467734452074,1.2063837022836104,1.0036470800093098,0.9499792732766998
cfc_nojump,id,0,1,throughput,1.6361355900082276e+19,56,0.6905557894736842,0.75,0.4364146232927413,28.044,17,13,3,1,7,1,178ad929a045ff4dc2d9d10e421b4cc38bce5078bf5381e1e0ecd6c601f86e08,38,4,0.9206467734452074,1.2063837022836104,1.0036470800093098,0.9499792732766998
cfc_nojump,id,0,1,semantic,1.6361355900082276e+19,58,0.8154589090909092,1.0,0.3626319119204099,32.70799999999999,17,14,2,2,6,0,e698eb4410e21084d49e88fab84578c51f14e56be51ea5974b990fe733323071,48,3,0.9206467734452074,1.2063837022836104,1.0036470800093098,0.9499792732766998
gru_closed,id,0,1,throughput,1.6361355900082276e+19,69,0.8275010370370369,1.0,0.54918535100438,33.70799999999999,18,15,3,2,7,3,e93b0f0735647301d74369c4a8bbf65bf0145657541fdf9909127c150effc98e,56,3,0.9206467734452074,1.2063837022836104,1.0036470800093098,0.9499792732766998
gru_closed,id,0,1,semantic,1.6361355900082276e+19,58,0.8588067175572519,1.0,0.3714151283415501,33.70799999999999,17,15,2,2,5,0,4dd85dfad4fecf29695419c43c8c904d2ad958607de91ab149b7ff8e0f932d11,44,3,0.9206467734452074,1.2063837022836104,1.0036470800093098,0.9499792732766998
oracle,id,1,0,throughput,4.216271641064661e+18,56,0.9443958381502888,1.0,0.5116741511411473,35.888,17,17,1,0,4,0,1095f66393fc8a633b8ad139db825cf71e0c9d9c3007e7bdbb8faba6c337b77c,41,3,1.0944151062864238,0.8080552496601954,1.0773550123488476,1.0266722229839926
oracle,id,1,0,semantic,4.216271641064661e+18,56,0.9393091329479768,1.0,0.5090747537347925,36.068,17,17,1,0,4,0,2603033b0223accef761b311d87efbd38c9a6371fd9c010a805c5a198a4ef3b5,41,3,1.0944151062864238,0.8080552496601954,1.0773550123488476,1.0266722229839926
cfc_closed,id,1,0,throughput,4.216271641064661e+18,56,0.940962774566474,1.0,0.5116945805562885,35.888,17,17,1,0,4,0,a5605420789f6afc46f4fe62bd8644eba9763257fed4131a7ee5c4b3cb91b0aa,41,3,1.0944151062864238,0.8080552496601954,1.0773550123488476,1.0266722229839926
cfc_closed,id,1,0,semantic,4.216271641064661e+18,56,0.9358760693641618,1.0,0.509094490268512,36.068,17,17,1,0,4,0,32918d1d785a4515b1d2b2676d32244ff658598787fdb8b017a760e0d8511795,41,3,1.0944151062864238,0.8080552496601954,1.0773550123488476,1.0266722229839926
cfc_nojump,id,1,0,throughput,4.216271641064661e+18,52,0.94922224852071,1.0,0.545420019240741,33.236,16,16,1,0,3,0,3d408b323e3dd1c1bc191ce3fa44704c2d3bc9bebe42af1e11dd14fdce857294,35,5,1.0944151062864238,0.8080552496601954,1.0773550123488476,1.0266722229839926
cfc_nojump,id,1,0,semantic,4.216271641064661e+18,51,0.944015147928994,1.0,0.5683261684548397,33.416,16,16,0,0,3,0,8e0d4b240cde9e2a80a314e9c8e5d3320a10c4ead4514ea25853d65d4c3aeda6,35,5,1.0944151062864238,0.8080552496601954,1.0773550123488476,1.0266722229839926
gru_closed,id,1,0,throughput,4.216271641064661e+18,56,0.940962774566474,1.0,0.5138340250217719,35.888,17,17,1,0,4,0,5eaebbb990bd2d2470f675e222500d339e836ca50fd3fc67ab1779f1cb28eb8f,41,3,1.0944151062864238,0.8080552496601954,1.0773550123488476,1.0266722229839926
gru_closed,id,1,0,semantic,4.216271641064661e+18,56,0.9358760693641618,1.0,0.509094490268512,36.068,17,17,1,0,4,0,ef528648b0bcc56a7e143b68e7d6f79fe993b2d01fe81c2045d6897db6a633e4,41,3,1.0944151062864238,0.8080552496601954,1.0773550123488476,1.0266722229839926
oracle,id,1,1,throughput,4.02213150366005e+18,64,0.9066431718061674,1.0,0.6238958912021735,41.69199999999999,20,20,0,0,4,0,eb7b6ec274b713d20661abc4b42e2ef4aa0264498c58a9d58650c8376332a1b5,52,2,1.0944151062864238,0.8080552496601954,1.0773550123488476,1.0266722229839926
oracle,id,1,1,semantic,4.02213150366005e+18,64,0.9066431718061674,1.0,0.6595212722546415,41.69199999999999,20,20,0,0,4,0,f8216463bdbae87e4ca17b00e352fc0967087075f6eaf0ad62ac9da74ec79a71,55,3,1.0944151062864238,0.8080552496601954,1.0773550123488476,1.0266722229839926
cfc_closed,id,1,1,throughput,4.02213150366005e+18,59,0.8501922651933701,1.0,0.6288888213436427,34.099999999999994,19,16,0,0,5,0,3c6b0cd43043d6a3aade00cc3eb369a9e3849783f96c343d351bdc8f4b97bd88,56,3,1.0944151062864238,0.8080552496601954,1.0773550123488476,1.0266722229839926
cfc_closed,id,1,1,semantic,4.02213150366005e+18,64,0.7497686486486485,0.8,0.62083528402447,39.764,20,18,0,0,6,0,3720c0a3eb1ce28b19a49a8fbf7905bccc0e1fb8d4bb653fde519ed9329fd490,58,3,1.0944151062864238,0.8080552496601954,1.0773550123488476,1.0266722229839926
cfc_nojump,id,1,1,throughput,4.02213150366005e+18,59,0.8501922651933701,1.0,0.6288807195557299,34.099999999999994,19,16,0,0,5,0,b47386e471787a3658024b805e8e4b486fbe582127bd902f8b1585cffaff6214,56,3,1.0944151062864238,0.8080552496601954,1.0773550123488476,1.0266722229839926
cfc_nojump,id,1,1,semantic,4.02213150366005e+18,64,0.7950912621359223,0.8333333333333334,0.6110226669289535,40.07999999999999,20,19,0,0,5,0,f1a6d1a61b518103c2d5346af0750328b6a76e2615d2fe797a3d777a6b70a154,57,3,1.0944151062864238,0.8080552496601954,1.0773550123488476,1.0266722229839926
gru_closed,id,1,1,throughput,4.02213150366005e+18,59,0.8501922651933701,1.0,0.6288807195557299,34.099999999999994,19,16,0,0,5,0,48aa62c5e2fbaf95d6ea84c2f3fcedb46a526ddbc6060703ffd43adc84230f1b,56,3,1.0944151062864238,0.8080552496601954,1.0773550123488476,1.0266722229839926
gru_closed,id,1,1,semantic,4.02213150366005e+18,64,0.7950912621359223,0.8333333333333334,0.6110226669289535,40.07999999999999,20,19,0,0,5,0,476acf85e1d246a3037a9c1b26126ca545311cf73e60ec11480b3aa7ce7fa8f7,57,3,1.0944151062864238,0.8080552496601954,1.0773550123488476,1.0266722229839926
oracle,id,2,0,throughput,4.93799879306126e+18,52,0.2186706918238993,0.2,0.5139732361559117,17.012,27,8,2,0,3,2,f486e745564ce4d9aa57be273f31009324b3a283fd3f63144cad841cf6fbd450,29,2,0.7426218525569639,0.9246673544801688,0.8208961602905923,1.1613121578310033
oracle,id,2,0,semantic,4.93799879306126e+18,52,0.2186706918238993,0.2,0.5054441328474295,17.012,27,8,2,0,3,2,d2ca3211845f1533ad8ccaa462b8a64607d5418b28fabb039eea047899876f39,29,2,0.7426218525569639,0.9246673544801688,0.8208961602905923,1.1613121578310033
cfc_closed,id,2,0,throughput,4.93799879306126e+18,64,0.1317104294478527,0.1,1.0274392955399885,14.476000000000004,29,6,3,1,3,8,e4af11f935ccec893f8f272a26ee0e9e83c4d0a2fbe792e6223a8214263e8520,37,3,0.7426218525569639,0.9246673544801688,0.8208961602905923,1.1613121578310033
cfc_closed,id,2,0,semantic,4.93799879306126e+18,99,0.7456568339768339,0.7142857142857143,1.0247635876268286,57.996,28,26,2,2,3,5,e287696d31f440d76a18381f695da327820e22803399b1eabb74bebfa7fcd1f6,108,2,0.7426218525569639,0.9246673544801688,0.8208961602905923,1.1613121578310033
cfc_nojump,id,2,0,throughput,4.93799879306126e+18,92,0.7258639316239316,0.6666666666666666,1.3398084344113697,61.87199999999999,27,27,2,1,4,2,cc397ecda4a86522cd05aace47fc28dac344652db9bf273efc95a164e357200a,129,2,0.7426218525569639,0.9246673544801688,0.8208961602905923,1.1613121578310033
cfc_nojump,id,2,0,semantic,4.93799879306126e+18,85,0.5138628571428571,0.625,1.114246265750499,27.468,28,14,3,2,3,9,90e7e5896afce53989e23a69bd929305a38d24980ee0ea13c359785d38fd1b24,59,3,0.7426218525569639,0.9246673544801688,0.8208961602905923,1.1613121578310033
gru_closed,id,2,0,throughput,4.93799879306126e+18,82,0.554359378238342,0.6,0.6346261097550208,28.791999999999994,22,14,3,3,3,8,2793f3ff8015df3d79074e5fc71a765b2dda614eba85a09de77f7e234737fa57,56,3,0.7426218525569639,0.9246673544801688,0.8208961602905923,1.1613121578310033
gru_closed,id,2,0,semantic,4.93799879306126e+18,65,0.8658223728813559,1.0,0.5602553841637496,34.843999999999994,18,17,2,2,2,3,06b222fcfd39d180438ffb05548eead0d3ef7f4414a47c40eba82845cb6e71ec,38,3,0.7426218525569639,0.9246673544801688,0.8208961602905923,1.1613121578310033
oracle,id,2,1,throughput,1.4193313396705618e+19,62,0.9002053333333331,1.0,1.143044343532584,34.088,18,18,2,1,3,1,646740e76e9d43f00df17bc878b298b36261a0eea73450ea16802dd61e67f6bf,89,1,0.7426218525569639,0.9246673544801688,0.8208961602905923,1.1613121578310033
oracle,id,2,1,semantic,1.4193313396705618e+19,80,0.6995811604095563,0.7777777777777778,0.6329554798903997,44.776,26,21,2,1,4,1,94a7f979b8b45511a08632fc1c716a1b15f3e8458c0e27544321e70efbfe30ad,64,2,0.7426218525569639,0.9246673544801688,0.8208961602905923,1.1613121578310033
cfc_closed,id,2,1,throughput,1.4193313396705618e+19,71,0.59983938697318,0.6666666666666666,2.14105862095045,31.124,18,16,2,1,4,6,1fdd62b2b75e8951c45c790b9023790e1b6278b60106e5cc4915c3a6c025786b,79,3,0.7426218525569639,0.9246673544801688,0.8208961602905923,1.1613121578310033
cfc_closed,id,2,1,semantic,1.4193313396705618e+19,72,0.59983938697318,0.6666666666666666,2.1229193444978582,31.124,18,16,2,2,4,6,67dfed54804cb5a5ec913edf2b3151bca5dfc18c8dfe654a059859748f4707e9,81,3,0.7426218525569639,0.9246673544801688,0.8208961602905923,1.1613121578310033
cfc_nojump,id,2,1,throughput,1.4193313396705618e+19,76,0.7501181456953642,0.8,1.2130583801140746,43.2,23,21,2,1,4,1,94e398415634ade28dfa4bfe19e3ce80304b2db827ddc789399712fd89fd9806,90,2,0.7426218525569639,0.9246673544801688,0.8208961602905923,1.1613121578310033
cfc_nojump,id,2,1,semantic,1.4193313396705618e+19,84,0.7148799999999998,0.8181818181818182,1.4107903934081245,39.328,25,20,2,2,4,3,a539ff668940eb94ada188c9961fd6eef8d562108e817652a3bff6211106a37d,87,2,0.7426218525569639,0.9246673544801688,0.8208961602905923,1.1613121578310033
gru_closed,id,2,1,throughput,1.4193313396705618e+19,68,0.8634337546468401,1.0,0.6960904026610858,37.488,20,20,2,1,3,1,a5232e3f5058c0d486ecf807acddc5cd85a4d33a5b1a8f8fba8c903daa25e8db,55,3,0.7426218525569639,0.9246673544801688,0.8208961602905923,1.1613121578310033
gru_closed,id,2,1,semantic,1.4193313396705618e+19,61,0.8709764539007091,1.0,0.6382120813744782,30.604,18,18,1,1,3,1,836de2d563a943fc4fb3be684bf3a49c8f3332d7f62e8db560e9264bf4239349,47,5,0.7426218525569639,0.9246673544801688,0.8208961602905923,1.1613121578310033
oracle,id,3,0,throughput,1.8322665974346463e+19,57,0.8925855670103091,1.0,0.817001310242379,32.088,17,16,0,0,7,0,5541e33f2a5bcc772cdfd9122b0504dcec189ae5f79f4bdbc72c7bf53fc527b3,65,3,1.2203682605496011,1.1967914492430474,1.0242368740269356,0.92342376251519
oracle,id,3,0,semantic,1.8322665974346463e+19,57,0.8925855670103091,1.0,0.8138680823806589,32.088,17,16,0,0,7,0,ff439541e66d6acd3043f6a9e1a325d7a7a35f6c46947b1eff73118402572a48,65,3,1.2203682605496011,1.1967914492430474,1.0242368740269356,0.92342376251519
cfc_closed,id,3,0,throughput,1.8322665974346463e+19,56,0.9000212716763003,1.0,0.8086841175463403,36.572,17,17,0,0,5,0,0cf2ba0271a659c067ac13a65dd68680741fc7c11b18fda801d9f1a1a8467b09,66,3,1.2203682605496011,1.1967914492430474,1.0242368740269356,0.92342376251519
cfc_closed,id,3,0,semantic,1.8322665974346463e+19,56,0.9000212716763003,1.0,0.8066739896088787,36.572,17,17,0,0,5,0,23ec18314bf64f627afb363b38d036aa48963f776cb43687989a633118437268,66,3,1.2203682605496011,1.1967914492430474,1.0242368740269356,0.92342376251519
cfc_nojump,id,3,0,throughput,1.8322665974346463e+19,56,0.9000212716763003,1.0,0.8086841175463403,36.572,17,17,0,0,5,0,ce6dafb71765c1676b52afb5a0f5ce484b25af989e2764972b6123b203b4f8dc,66,3,1.2203682605496011,1.1967914492430474,1.0242368740269356,0.92342376251519
cfc_nojump,id,3,0,semantic,1.8322665974346463e+19,56,0.9000212716763003,1.0,0.8066739896088787,36.572,17,17,0,0,5,0,6aec1252452cc566e306c61ce3dc5db82099c06f6ae4e01b3f85e2bba523ef3f,66,3,1.2203682605496011,1.1967914492430474,1.0242368740269356,0.92342376251519
gru_closed,id,3,0,throughput,1.8322665974346463e+19,56,0.9000212716763003,1.0,0.8086841175463403,36.572,17,17,0,0,5,0,373f581b852bcf63c2eaf3d2a09459d0c0d5b493aba28385ccbfdd766cc9c3af,66,3,1.2203682605496011,1.1967914492430474,1.0242368740269356,0.92342376251519
gru_closed,id,3,0,semantic,1.8322665974346463e+19,56,0.9000212716763003,1.0,0.8066739896088787,36.572,17,17,0,0,5,0,1d753d59a0cb9d1d98243d9c960fd17c6b943288db7411b97d26f24252f3be45,66,3,1.2203682605496011,1.1967914492430474,1.0242368740269356,0.92342376251519
oracle,id,3,1,throughput,1.316243099782796e+19,52,0.7997810526315791,0.8333333333333334,0.419067402570776,30.044,16,15,1,1,3,0,27927afdfc59666083a362eb1f52043556bbe1e4c12900dd1af1d214f950589c,29,5,1.2203682605496011,1.1967914492430474,1.0242368740269356,0.92342376251519
oracle,id,3,1,semantic,1.316243099782796e+19,63,0.91847868852459,1.0,0.3588711988080501,36.488,19,19,1,1,4,0,27372b54251b92bea28edac5629382ed38f47dc54f01088eb3fdf9af5b630cb3,21,4,1.2203682605496011,1.1967914492430474,1.0242368740269356,0.92342376251519
cfc_closed,id,3,1,throughput,1.316243099782796e+19,61,0.915741782178218,1.0,0.6219621684903074,40.512,19,19,0,0,4,0,d3b7db88176a2d340228414ff26c15c89150474ea01394a0f224840e9f377a46,52,3,1.2203682605496011,1.1967914492430474,1.0242368740269356,0.92342376251519
cfc_closed,id,3,1,semantic,1.316243099782796e+19,64,0.8738057142857142,1.0,0.4980514816138233,37.892,21,19,0,0,3,0,8e6d424e6ded381b0d9597cbb82d8d4e8bd94120e76ec2751a88760dcf21758b,45,4,1.2203682605496011,1.1967914492430474,1.0242368740269356,0.92342376251519
cfc_nojump,id,3,1,throughput,1.316243099782796e+19,50,0.9012201739130432,1.0,0.5229135280891525,29.16,13,13,3,2,4,1,76a8cb54a4ed4089d9b611fc9e33575369123537e3f4913deb6d429ce49c9990,28,5,1.2203682605496011,1.1967914492430474,1.0242368740269356,0.92342376251519
cfc_nojump,id,3,1,semantic,1.316243099782796e+19,52,0.8709270588235292,1.0,0.5211684035458186,29.16,14,13,3,2,4,1,63f0a71dcd2df971aca5fc00ac921077fed56a50011e056ea95b06b40fb806d6,28,5,1.2203682605496011,1.1967914492430474,1.0242368740269356,0.92342376251519
gru_closed,id,3,1,throughput,1.316243099782796e+19,49,0.8972799999999999,1.0,0.6604102917683518,28.728,13,13,2,2,4,1,241c489a3a191785bd99f0d4664cf58259cd370ba8e9740c174cbe8d2b704f03,35,5,1.2203682605496011,1.1967914492430474,1.0242368740269356,0.92342376251519
gru_closed,id,3,1,semantic,1.316243099782796e+19,49,0.8972799999999999,1.0,0.6582328268673037,28.728,13,13,2,2,4,1,2088dd6caf5b344dfeecd5f78822e0fcaf2b11cdc924617b55bdeed2af9f45ae,35,5,1.2203682605496011,1.1967914492430474,1.0242368740269356,0.92342376251519
oracle,id,4,0,throughput,1.7126439950851834e+19,72,0.8513549999999999,1.0,0.5861975862843367,41.89999999999999,22,21,0,0,7,0,6f94ab8ca76784128a26f8a75436f57e4374693496a577cc93c92b60723c9175,43,3,1.2785488958650764,0.9915783826090604,1.1190729702784916,1.0150355918679177
oracle,id,4,0,semantic,1.7126439950851834e+19,72,0.8513549999999999,1.0,0.5801268399305646,41.89999999999999,22,21,0,0,7,0,d7ab202e78e195e7185b219376b03479e2bfe910469b94bf58e1c9d046045c72,43,3,1.2785488958650764,0.9915783826090604,1.1190729702784916,1.0150355918679177
cfc_closed,id,4,0,throughput,1.7126439950851834e+19,74,0.8909282008368198,1.0,0.5885955783865461,44.416,23,21,0,0,7,0,2a791b830f243038c3d2ce7570c4c22d041d5dbfb3152bc37cd33ffa23238f3d,41,3,1.2785488958650764,0.9915783826090604,1.1190729702784916,1.0150355918679177
cfc_closed,id,4,0,semantic,1.7126439950851834e+19,74,0.8909282008368198,1.0,0.5816746783650341,44.416,23,21,0,0,7,0,f146d916414206533f510152e929aca8642bf8141034aabeeca7da60af943521,41,3,1.2785488958650764,0.9915783826090604,1.1190729702784916,1.0150355918679177
cfc_nojump,id,4,0,throughput,1.7126439950851834e+19,74,0.8909282008368198,1.0,0.5885955783865461,44.416,23,21,0,0,7,0,d04f1d45dae500043a334d22711e8ebe32c7ec9da6452b22c08e8a2eb602217d,41,3,1.2785488958650764,0.9915783826090604,1.1190729702784916,1.0150355918679177
cfc_nojump,id,4,0,semantic,1.7126439950851834e+19,74,0.8909282008368198,1.0,0.5816746783650341,44.416,23,21,0,0,7,0,782e48a08562cb73bb4aaf1033b05a28aa43b9ae519238b43db32b80343f11c9,41,3,1.2785488958650764,0.9915783826090604,1.1190729702784916,1.0150355918679177
gru_closed,id,4,0,throughput,1.7126439950851834e+19,69,0.9014273015873012,1.0,0.5564742760314016,40.184,21,20,0,0,7,0,c38cafa81a17fd35a550b259fb61c9c45ca59592afc3c0b53a3cda1fbe267a32,42,3,1.2785488958650764,0.9915783826090604,1.1190729702784916,1.0150355918679177
gru_closed,id,4,0,semantic,1.7126439950851834e+19,69,0.9014273015873012,1.0,0.5506974744690647,40.184,21,20,0,0,7,0,8fdf75d1dc41df09f8002ccdc190d5c7d0eca8f30073ae5f9b3df240f595a7ff,42,3,1.2785488958650764,0.9915783826090604,1.1190729702784916,1.0150355918679177
oracle,id,4,1,throughput,1.4201421121585963e+19,66,0.8997998206278026,1.0,0.490060461649573,38.68,19,19,2,1,6,0,8dfc3876cacd73dd018741ac1cd4dde7fe4f65ad3d7c90b1798cb9bf83b38f4a,27,2,1.2785488958650764,0.9915783826090604,1.1190729702784916,1.0150355918679177
oracle,id,4,1,semantic,1.4201421121585963e+19,66,0.8997998206278026,1.0,0.4859842387531181,38.68,19,19,2,1,6,0,10077754ebed21e2c1e5288f1e13c69f2d2f995985c7b735e53bf67ac880047d,27,2,1.2785488958650764,0.9915783826090604,1.1190729702784916,1.0150355918679177
cfc_closed,id,4,1,throughput,1.4201421121585963e+19,64,0.6014732994923857,0.8,0.5545842229600164,27.256,23,13,3,1,5,3,eb7ad7af2b07065481072bc927814bbb9c26f267a6cd0260e4ac2dfcc739e3ed,33,1,1.2785488958650764,0.9915783826090604,1.1190729702784916,1.0150355918679177
cfc_closed,id,4,1,semantic,1.4201421121585963e+19,63,0.6139390673575129,0.8,0.5780488902812787,27.256,22,13,3,1,5,3,25ec86e9ab17f9f6e6c1599326a559d4cd62146a2311b8c65c34bc72dc5a4de0,33,1,1.2785488958650764,0.9915783826090604,1.1190729702784916,1.0150355918679177
cfc_nojump,id,4,1,throughput,1.4201421121585963e+19,58,0.8828008247422681,1.0,0.4366318020158845,32.88,17,16,1,1,6,0,40e2b19b53a0c69f7950765c6c95c2d07b15a62e231a9e610a8d04aa4afc59f0,26,3,1.2785488958650764,0.9915783826090604,1.1190729702784916,1.0150355918679177
cfc_nojump,id,4,1,semantic,1.4201421121585963e+19,58,0.8828008247422681,1.0,0.4335906046599667,32.88,17,16,1,1,6,0,1b22f4f8b8c7e1010374a31af98f971579d4c2347cfed1936f08185286ee79e2,26,3,1.2785488958650764,0.9915783826090604,1.1190729702784916,1.0150355918679177
gru_closed,id,4,1,throughput,1.4201421121585963e+19,66,0.8684768316831684,1.0,0.5335137218314443,38.856,19,19,2,1,6,0,7664adbc3069dd35b156436592380c23b6e85020ed7f3aecaff9315a07496c0f,33,1,1.2785488958650764,0.9915783826090604,1.1190729702784916,1.0150355918679177
gru_closed,id,4,1,semantic,1.4201421121585963e+19,66,0.8684768316831684,1.0,0.5308147920868738,38.856,19,19,2,1,6,0,a4bf037585ca97ba5f522208a57be749fe23054e025e2722f2ad71aafc3d6ce7,33,1,1.2785488958650764,0.9915783826090604,1.1190729702784916,1.0150355918679177
oracle,id,5,0,throughput,3.268761634602315e+18,104,0.8137499999999998,0.9166666666666666,0.7789537608320284,55.728,33,28,1,1,4,2,2d075c940bbdb20f2a01cc92fa807341d7f69e52133b5f0482d729a646a0f8fd,101,3,1.278999642325394,1.1300213145185318,1.1066212018641954,1.1975249378327617
oracle,id,5,0,semantic,3.268761634602315e+18,98,0.6153043478260868,0.6666666666666666,0.741074034373012,42.948,29,21,3,1,5,9,fb4f9c22c42b16e386f610e99cdf94ad762bb392232de7312a991cd0c60a2c1b,78,3,1.278999642325394,1.1300213145185318,1.1066212018641954,1.1975249378327617
cfc_closed,id,5,0,throughput,3.268761634602315e+18,89,0.9042654426229504,1.0,0.4549206525668364,61.53599999999999,29,29,0,0,2,0,f827e014bb8f66c91bd8b70606c007fc2c8dbaca7bfea74ae8d1e840cf7231f9,64,4,1.278999642325394,1.1300213145185318,1.1066212018641954,1.1975249378327617
cfc_closed,id,5,0,semantic,3.268761634602315e+18,89,0.9042654426229504,1.0,0.4478003037581513,61.53599999999999,29,29,0,0,2,0,a6c524ae6b73675fad7bafb270cf8377ca3143fc211cc4d7a0ccb99e57c35635,64,4,1.278999642325394,1.1300213145185318,1.1066212018641954,1.1975249378327617
cfc_nojump,id,5,0,throughput,3.268761634602315e+18,89,0.9042654426229504,1.0,0.4549206525668364,61.53599999999999,29,29,0,0,2,0,9331b05c7e83b646b0b326ca08d4c8c09aba68923a79235fc2d67076caf5c723,64,4,1.278999642325394,1.1300213145185318,1.1066212018641954,1.1975249378327617
cfc_nojump,id,5,0,semantic,3.268761634602315e+18,89,0.9042654426229504,1.0,0.4478003037581513,61.53599999999999,29,29,0,0,2,0,bf2b837703ebcfe892a6b5f31b26ffcdfa6a9bf7874b60e5d4f76ca167f0145b,64,4,1.278999642325394,1.1300213145185318,1.1066212018641954,1.1975249378327617
gru_closed,id,5,0,throughput,3.268761634602315e+18,77,0.9107372307692309,1.0,0.424025677481282,48.176,23,23,2,2,2,1,51c953e1a9bef8128c1dacb8dd13c774c487fbcaa274be214dd1e0d3157f2ee2,43,5,1.278999642325394,1.1300213145185318,1.1066212018641954,1.1975249378327617
gru_closed,id,5,0,semantic,3.268761634602315e+18,81,0.8193483737024222,0.8888888888888888,0.417296623173882,48.176,25,23,2,2,2,1,1a51aa52d6acab7625a805bc9d5a6e9c52120c94806d68a5a0df67038fbf8b28,43,5,1.278999642325394,1.1300213145185318,1.1066212018641954,1.1975249378327617
oracle,id,5,1,throughput,1.7100991412651289e+19,57,0.849114074074074,1.0,0.5504861693838835,38.760000000000005,18,17,1,1,2,0,4e167d1261c6a1b1c27e131b6e03868f1e073fcc2d6aa0524d6371cdd416a7cf,45,4,1.278999642325394,1.1300213145185318,1.1066212018641954,1.1975249378327617
oracle,id,5,1,semantic,1.7100991412651289e+19,59,0.8246791366906474,1.0,0.5473269144386131,38.760000000000005,19,17,1,1,2,0,f8ca86a267b5d354cdeacf8ac65b11dd27ec3fd2f29f0587ddadaeb7ff473053,46,4,1.278999642325394,1.1300213145185318,1.1066212018641954,1.1975249378327617
cfc_closed,id,5,1,throughput,1.7100991412651289e+19,48,0.8210823529411763,1.0,0.5821454398900391,32.528000000000006,15,14,1,1,2,0,0fb06e316a04bc62e247982b0abe1d0d3bc1c7d39cca49ec2f57452fe4961baf,42,5,1.278999642325394,1.1300213145185318,1.1066212018641954,1.1975249378327617
cfc_closed,id,5,1,semantic,1.7100991412651289e+19,48,0.8210823529411763,1.0,0.5805327679134665,32.528000000000006,15,14,1,1,2,0,2aabfb79b2b62aab457eb80f54c6ead45ab18d8e7ab288aaa1218313c0e780dd,42,5,1.278999642325394,1.1300213145185318,1.1066212018641954,1.1975249378327617
cfc_nojump,id,5,1,throughput,1.7100991412651289e+19,54,0.6949129770992365,0.6666666666666666,0.5740375728054123,37.760000000000005,17,16,1,1,2,0,36ca36fe69e9e1f48cfd84b2a01e30f97b4e24636a734afe861d94f5b57ce964,44,4,1.278999642325394,1.1300213145185318,1.1066212018641954,1.1975249378327617
cfc_nojump,id,5,1,semantic,1.7100991412651289e+19,54,0.6949129770992365,0.6666666666666666,0.5717707425028532,37.760000000000005,17,16,1,1,2,0,222523968f28ed79dbddfc4f3a8e5c7f5b79e2630b51d46b22c73ec28c93527c,44,4,1.278999642325394,1.1300213145185318,1.1066212018641954,1.1975249378327617
gru_closed,id,5,1,throughput,1.7100991412651289e+19,54,0.6949129770992365,0.6666666666666666,0.5740375728054123,37.760000000000005,17,16,1,1,2,0,20c8efbdd38382b63462345e3b91d0ed19663b403fcf39e3485f46c3d1835c74,44,4,1.278999642325394,1.1300213145185318,1.1066212018641954,1.1975249378327617
gru_closed,id,5,1,semantic,1.7100991412651289e+19,54,0.6949129770992365,0.6666666666666666,0.5717707425028532,37.760000000000005,17,16,1,1,2,0,8adb96f425557a8b067f2cb8bb3ee8f9f47d85931b0922a349939208c9346c16,44,4,1.278999642325394,1.1300213145185318,1.1066212018641954,1.1975249378327617
oracle,high_mobility,0,0,throughput,7.25657157690021e+18,59,0.5968714563106795,0.6666666666666666,0.3063252990791583,30.52,20,14,3,1,1,3,b6c6e995b5ac91db2d68a82ad0f17e3c56b46dbee4327088b7bbef0e8fb633ce,27,5,1.574879148138536,1.0606824964952537,0.9685823691909724,1.171334671543386
oracle,high_mobility,0,0,semantic,7.25657157690021e+18,59,0.5968714563106795,0.6666666666666666,0.3045923884927303,30.52,20,14,3,1,1,3,81a896e1b6b4afebbc6504d58da5cdf73945eeffbaa074601762ab55e5203624,27,5,1.574879148138536,1.0606824964952537,0.9685823691909724,1.171334671543386
cfc_closed,high_mobility,0,0,throughput,7.25657157690021e+18,112,0.7780800000000002,0.8333333333333334,1.1364208105896545,58.79999999999999,31,30,4,4,4,4,7ee02381568188c1235a41ff4dd583f1f222f2e37ff303969159a10e4f1cdefa,95,3,1.574879148138536,1.0606824964952537,0.9685823691909724,1.171334671543386
cfc_closed,high_mobility,0,0,semantic,7.25657157690021e+18,95,0.8126972394366198,0.9090909090909092,0.5579325723774932,57.05199999999999,31,28,2,2,1,0,80918682e19df7b707427106a2f0b39a9f7a6ce2421ce8ed1a8098f0556d58eb,82,2,1.574879148138536,1.0606824964952537,0.9685823691909724,1.171334671543386
cfc_nojump,high_mobility,0,0,throughput,7.25657157690021e+18,129,0.7469012154696129,0.8,0.714542727710338,71.388,38,33,4,4,2,5,1f2c5bd2067a3fb487589eefc7dd58d8d77a6133e96791aff9b95fe048bacd3b,98,2,1.574879148138536,1.0606824964952537,0.9685823691909724,1.171334671543386
cfc_nojump,high_mobility,0,0,semantic,7.25657157690021e+18,95,0.8126972394366198,0.9090909090909092,0.5579325723774932,57.05199999999999,31,28,2,2,1,0,3c07574e2029835051571d14098beb81a74a6c8ebf74972461fb369d87e07c75,82,2,1.574879148138536,1.0606824964952537,0.9685823691909724,1.171334671543386
gru_closed,high_mobility,0,0,throughput,7.25657157690021e+18,55,0.4392604784688994,0.6,0.5469332167011698,20.844,26,10,3,1,3,1,fd06d3e55227e7eee9f88e9234f2de074e5fb03d63995850accb9da8821a8495,33,6,1.574879148138536,1.0606824964952537,0.9685823691909724,1.171334671543386
gru_closed,high_mobility,0,0,semantic,7.25657157690021e+18,134,0.740416,0.8,0.9927723058031284,74.888,40,35,4,2,4,7,ac4833c564396f7f260c9cc8f4291bbe626f5caff98ac93e97f64577baaf49de,127,2,1.574879148138536,1.0606824964952537,0.9685823691909724,1.171334671543386
oracle,high_mobility,0,1,throughput,4.516596979128e+18,65,0.6071886192468617,0.7142857142857143,1.4992209862063723,34.352000000000004,23,16,0,0,4,0,530f425400b16ed116e07f11f01e41b4c27762bc60f929656bf77c5c117dd957,147,2,1.574879148138536,1.0606824964952537,0.9685823691909724,1.171334671543386
oracle,high_mobility,0,1,semantic,4.516596979128e+18,56,0.5992712871287129,0.6666666666666666,1.4287721774974282,27.94,19,13,0,0,5,0,b7d87551cca2d43ee05d498d3a8bc871d3cc24f53f5c9ba5a26b8785f41854bb,129,2,1.574879148138536,1.0606824964952537,0.9685823691909724,1.171334671543386
cfc_closed,high_mobility,0,1,throughput,4.516596979128e+18,80,0.813749492537313,0.9090909090909092,0.629760088726846,48.524,26,25,1,0,2,0,8d58627301b65e5111d5532fa14c9520d2c2d86e1fe18b69feecd8f8feb77850,61,3,1.574879148138536,1.0606824964952537,0.9685823691909724,1.171334671543386
cfc_closed,high_mobility,0,1,semantic,4.516596979128e+18,77,0.8151008996539791,0.8888888888888888,0.8055523333179635,49.86,25,24,0,0,3,0,be072cb4063ba632e8fc97968d6af8f71f9ec95b90cf193cc7c70086dcb88938,75,3,1.574879148138536,1.0606824964952537,0.9685823691909724,1.171334671543386
cfc_nojump,high_mobility,0,1,throughput,4.516596979128e+18,80,0.8125650149253729,0.9090909090909092,0.629750320818484,48.524,26,25,1,0,2,0,05173f46aac34b3e303bf5d3a040c261d580ee5fa50f772c36badb0ce629a674,61,3,1.574879148138536,1.0606824964952537,0.9685823691909724,1.171334671543386
cfc_nojump,high_mobility,0,1,semantic,4.516596979128e+18,77,0.8151008996539791,0.8888888888888888,0.8055523333179635,49.86,25,24,0,0,3,0,fdb1f0f97a950b91ae54474fb0339754384d46a0d8cd82c17aa54ee0095ee23a,75,3,1.574879148138536,1.0606824964952537,0.9685823691909724,1.171334671543386
gru_closed,high_mobility,0,1,throughput,4.516596979128e+18,71,0.8229580071174375,0.8888888888888888,0.7220165551705474,46.776,23,23,0,0,2,0,4a0bc49cfedfd1fde63d2921e306f920ebdeef283e6b16d9c792751b540079bc,58,4,1.574879148138536,1.0606824964952537,0.9685823691909724,1.171334671543386
gru_closed,high_mobility,0,1,semantic,4.516596979128e+18,80,0.8046837370242215,0.8888888888888888,0.8668816040275406,40.67599999999999,25,21,1,0,2,3,c8fc6afffb4df27096d06018baae4eedac808ec96067ec96159fbd624f00f4b8,115,3,1.574879148138536,1.0606824964952537,0.9685823691909724,1.171334671543386
oracle,high_mobility,1,0,throughput,1.028646420975653e+19,56,0.8060259360730592,0.8571428571428571,0.5887944376637007,34.968,18,16,1,0,1,1,20a2c7768db6dd3582735027125e7ef921c31b2df9160d2a4743093d3b9323a3,46,2,1.848126889068885,1.2542382524573288,1.0466502254492889,1.138996213921581
oracle,high_mobility,1,0,semantic,1.028646420975653e+19,57,0.8060259360730592,0.8571428571428571,0.5792588061065174,34.968,18,16,1,0,2,1,62836293bd724d27cfdab1cedbdd06e136cf70cdc2b903fc85eb5e9ba6f54c45,47,2,1.848126889068885,1.2542382524573288,1.0466502254492889,1.138996213921581
cfc_closed,high_mobility,1,0,throughput,1.028646420975653e+19,60,0.8463842152466365,1.0,0.4621766356153403,32.836,19,17,1,0,2,1,6258f673934597eea96f43d510f03edd1604e42cb66f026a81f48df0f2293bd9,49,2,1.848126889068885,1.2542382524573288,1.0466502254492889,1.138996213921581
cfc_closed,high_mobility,1,0,semantic,1.028646420975653e+19,60,0.8297384753363226,1.0,0.4549255071417904,32.836,19,17,1,0,2,1,44d9e20b273f065b6a51a615fb083f6aa9c5e72c20fd62761062edd48ab11c5e,51,2,1.848126889068885,1.2542382524573288,1.0466502254492889,1.138996213921581
cfc_nojump,high_mobility,1,0,throughput,1.028646420975653e+19,60,0.8575052914798204,1.0,0.4685491991378909,32.836,19,17,1,0,2,1,aecb99505bb98ddf07f87e8091bc4c1c2ac79df4e5d61de5d8fd50b6126c92dd,47,2,1.848126889068885,1.2542382524573288,1.0466502254492889,1.138996213921581
cfc_nojump,high_mobility,1,0,semantic,1.028646420975653e+19,60,0.8575052914798204,1.0,0.4634128539198412,32.836,19,17,1,0,2,1,a1d0fb1df848a53d82275b6887d7b2a7c6bdfb2fefefa104a2b8e9cedc9803fe,51,2,1.848126889068885,1.2542382524573288,1.0466502254492889,1.138996213921581
gru_closed,high_mobility,1,0,throughput,1.028646420975653e+19,61,0.8656932735426007,1.0,0.5186454613744387,35.236,19,18,1,0,2,1,a28b4b28aaeecb189d6c7f92c40f0650b5d14d03e37d06154fd7c27948086bbb,43,2,1.848126889068885,1.2542382524573288,1.0466502254492889,1.138996213921581
gru_closed,high_mobility,1,0,semantic,1.028646420975653e+19,61,0.8463842152466365,1.0,0.513423571729106,35.236,19,18,1,0,2,1,e720dbc15c1b3665d7f01d6fe36c42225cb0145139f5d07810ffecdbada401cc,44,2,1.848126889068885,1.2542382524573288,1.0466502254492889,1.138996213921581
oracle,high_mobility,1,1,throughput,6.712834666293e+17,58,0.8481122274881515,1.0,0.6512669742693057,31.552,16,16,2,2,4,1,b86174cc4b71a0147f486a9447675f5e7236784087713028ea6b4a7a38d26cb0,34,4,1.848126889068885,1.2542382524573288,1.0466502254492889,1.138996213921581
oracle,high_mobility,1,1,semantic,6.712834666293e+17,74,0.8383799103139011,1.0,0.7042973086969323,35.48799999999999,19,18,3,2,5,4,22be6653bcd5099d8a2286225f31805fdd3ae574cebaddc9720150efe93ecb44,41,2,1.848126889068885,1.2542382524573288,1.0466502254492889,1.138996213921581
cfc_closed,high_mobility,1,1,throughput,6.712834666293e+17,55,0.9144927853881276,1.0,0.5799170153513652,34.059999999999995,18,17,1,1,0,0,900f197f5da1990da92c72f6c3822788ae0cd9bd1b15b4fd924f4c238ac128e7,37,3,1.848126889068885,1.2542382524573288,1.0466502254492889,1.138996213921581
cfc_closed,high_mobility,1,1,semantic,6.712834666293e+17,55,0.9144927853881276,1.0,0.5724702842042714,34.059999999999995,18,17,1,1,0,0,9fe2e98f5e04e2a85aea0022abb978db4112c99376c0b4d3efdc28c8e1576aa1,37,3,1.848126889068885,1.2542382524573288,1.0466502254492889,1.138996213921581
cfc_nojump,high_mobility,1,1,throughput,6.712834666293e+17,55,0.9144927853881276,1.0,0.5799170153513652,34.059999999999995,18,17,1,1,0,0,786c518fe7c628909d42dd78e34780eb410db1c789f4d08f2181ec5939e218a4,37,3,1.848126889068885,1.2542382524573288,1.0466502254492889,1.138996213921581
cfc_nojump,high_mobility,1,1,semantic,6.712834666293e+17,55,0.9144927853881276,1.0,0.5724702842042714,34.059999999999995,18,17,1,1,0,0,6d090466544360ee4c607e7f3be27918f90b38b1bfec66cc5ea90b9752aeade9,37,3,1.848126889068885,1.2542382524573288,1.0466502254492889,1.138996213921581
gru_closed,high_mobility,1,1,throughput,6.712834666293e+17,55,0.9144927853881276,1.0,0.5799170153513652,34.059999999999995,18,17,1,1,0,0,bbef0efbadc09c2eeb9aa61714910f81d20424f262fff284ba91643e0245a8fa,37,3,1.848126889068885,1.2542382524573288,1.0466502254492889,1.138996213921581
gru_closed,high_mobility,1,1,semantic,6.712834666293e+17,55,0.9144927853881276,1.0,0.5724702842042714,34.059999999999995,18,17,1,1,0,0,2a2d9fbff0d7c60e47edadf4292dfce32d4f4e3f7bb18b690b2ea451a43400f5,37,3,1.848126889068885,1.2542382524573288,1.0466502254492889,1.138996213921581
oracle,high_mobility,2,0,throughput,1.2081494032943393e+19,81,0.7045798787878786,0.8,0.5007821810048755,43.304,30,21,1,0,5,0,b3beef76f75b46e15402f02b51fad03bcd20f2c850da56129d3334f7178e7a52,56,3,1.725363827542039,0.8025649294749819,1.1646950122950257,1.1316476026623483
oracle,high_mobility,2,0,semantic,1.2081494032943393e+19,89,0.5506955481727573,0.5555555555555556,0.6836836781809489,39.216,28,19,3,2,5,5,18e0d7d966ad4142dfa3ff5f261c00f3ad4a808883b27be505ba83c6a94ca727,86,3,1.725363827542039,0.8025649294749819,1.1646950122950257,1.1316476026623483
cfc_closed,high_mobility,2,0,throughput,1.2081494032943393e+19,82,0.6190729411764705,0.625,0.777708902345556,47.788,26,22,1,1,4,1,f755fe6fb2593e9b0241287241bdb896120278ef51e47cfa777d5447eae69181,72,3,1.725363827542039,0.8025649294749819,1.1646950122950257,1.1316476026623483
cfc_closed,high_mobility,2,0,semantic,1.2081494032943393e+19,85,0.9112023529411764,1.0,0.6763008676067134,54.632,26,25,1,1,4,1,4d038926462ccd756667153f4b05da889db42fdb8cc88cd9aacfe2516950ca50,63,3,1.725363827542039,0.8025649294749819,1.1646950122950257,1.1316476026623483
cfc_nojump,high_mobility,2,0,throughput,1.2081494032943393e+19,82,0.6190729411764705,0.625,0.7785213679820688,47.788,26,22,1,1,4,1,5917288e5336f9fa3d1db3580a477dbcf68946ea48fa37032f7984a31e19c51a,72,3,1.725363827542039,0.8025649294749819,1.1646950122950257,1.1316476026623483
cfc_nojump,high_mobility,2,0,semantic,1.2081494032943393e+19,85,0.9112023529411762,1.0,0.6763008676067134,54.632,26,25,1,1,4,1,d148a229bdf738b9be924fb4fee8586449cd5c3b6ae1904d4689375cfc95b226,63,3,1.725363827542039,0.8025649294749819,1.1646950122950257,1.1316476026623483
gru_closed,high_mobility,2,0,throughput,1.2081494032943393e+19,85,0.7168310447761194,0.75,0.8141232208585599,48.73999999999999,25,24,1,1,3,3,45ca121ad659f5692a8048b45f9b4196cdb2be4a97f3bf9b6721ca9e37470e62,79,3,1.725363827542039,0.8025649294749819,1.1646950122950257,1.1316476026623483
gru_closed,high_mobility,2,0,semantic,1.2081494032943393e+19,78,0.8231741176470586,1.0,0.4644697002589337,43.016,26,21,0,0,5,0,7027bd1e571b7f919e84ec6cd3258f4f7f3956ed4c7fe2733ce5b782bf47d9b0,59,3,1.725363827542039,0.8025649294749819,1.1646950122950257,1.1316476026623483
oracle,high_mobility,2,1,throughput,1.7326401670988102e+19,94,0.8419635989717221,0.9230769230769232,0.7172493729227669,54.58,29,28,0,0,8,0,302c5d0ba694d58e9a44d8651becc1710331f52d08220952cdea3f383bb3f621,73,2,1.725363827542039,0.8025649294749819,1.1646950122950257,1.1316476026623483
oracle,high_mobility,2,1,semantic,1.7326401670988102e+19,91,0.7945502576112411,0.8666666666666667,0.6911530866521466,46.51599999999999,28,25,0,0,10,0,cb0454b04f17e8d02c6d5e4658ec5038f365a093d967b1adeefe42da8e043d39,76,2,1.725363827542039,0.8025649294749819,1.1646950122950257,1.1316476026623483
cfc_closed,high_mobility,2,1,throughput,1.7326401670988102e+19,100,0.8187816585365855,0.8571428571428571,0.7827141327344336,52.656,29,26,2,2,6,3,61f6f6b7275847cbc3a7c8f53341bfa548102127b1df585ea3baaba807028a84,83,2,1.725363827542039,0.8025649294749819,1.1646950122950257,1.1316476026623483
cfc_closed,high_mobility,2,1,semantic,1.7326401670988102e+19,101,0.9228987317073172,1.0,0.7650038611885207,54.656,29,28,2,2,5,3,58687c514e41ca8f53e5f19ee50e4af1e1eec4cfcccc91af341742f48b9a6a1b,83,2,1.725363827542039,0.8025649294749819,1.1646950122950257,1.1316476026623483
cfc_nojump,high_mobility,2,1,throughput,1.7326401670988102e+19,95,0.7408059416445624,0.7692307692307693,1.037160637140484,47.348,26,24,2,2,7,4,be93580c0fa20dd5f5b009ef2ba18e9d537ea013679b6e56264a32ea4c3458b2,92,2,1.725363827542039,0.8025649294749819,1.1646950122950257,1.1316476026623483
cfc_nojump,high_mobility,2,1,semantic,1.7326401670988102e+19,102,0.7866530049261086,0.8571428571428571,0.9339252856093874,52.748,28,28,2,2,6,4,8ce77a3317497d77ea8d4ca4f3f5a7fe7ad690ef69fa63621c7b2840c560c249,92,2,1.725363827542039,0.8025649294749819,1.1646950122950257,1.1316476026623483
gru_closed,high_mobility,2,1,throughput,1.7326401670988102e+19,95,0.9090766570605188,1.0,0.8306186961077673,58.80799999999999,29,29,0,0,8,0,05551a873e1bebe99fe95ba4090512782661d5c71f7e24233fbd6fb88d9bb95b,86,1,1.725363827542039,0.8025649294749819,1.1646950122950257,1.1316476026623483
gru_closed,high_mobility,2,1,semantic,1.7326401670988102e+19,116,0.8365555056179774,0.9444444444444444,0.7357763618935507,61.51999999999999,39,33,0,0,5,0,2cfb8367d37e9c775c4761086ea1f4918e71a5124ecb50e78d720e64b9985028,109,1,1.725363827542039,0.8025649294749819,1.1646950122950257,1.1316476026623483
oracle,high_mobility,3,0,throughput,1.3484609404232145e+19,87,0.8799128239202656,1.0,0.7400365898223048,54.84,28,26,0,0,5,0,b79f60ae4c191ff968d05db6b09cac92ffd6673068e4e633189b61dc17fe20a1,69,3,1.5615735812178313,1.014694745817747,1.1761166760718746,1.0244413358811686
oracle,high_mobility,3,0,semantic,1.3484609404232145e+19,87,0.8745504318936875,1.0,0.7485565150473934,54.048,28,26,0,0,5,0,f085c416b7780e301a7fd7560ffc5d00d5a2c49a6fc70753b689922885642d7a,69,3,1.5615735812178313,1.014694745817747,1.1761166760718746,1.0244413358811686
cfc_closed,high_mobility,3,0,throughput,1.3484609404232145e+19,71,0.6350115887850467,0.8333333333333334,1.3897193505272645,23.456,22,12,2,1,3,7,1a02c43a2271a1f115106c5c86992f3667b13937be104ef3da2007082bc473fa,131,2,1.5615735812178313,1.014694745817747,1.1761166760718746,1.0244413358811686
cfc_closed,high_mobility,3,0,semantic,1.3484609404232145e+19,71,0.6350115887850467,0.8333333333333334,1.380880050542305,23.456,22,12,2,1,3,7,3c7bc4e818449664c383935d7a49182e040e35263fc7423062a3d82550697439,133,2,1.5615735812178313,1.014694745817747,1.1761166760718746,1.0244413358811686
cfc_nojump,high_mobility,3,0,throughput,1.3484609404232145e+19,77,0.912830476190476,1.0,1.347770763827668,42.764,21,21,1,1,4,4,fb34b7ca9695ae46fb4e81c601ccfbdf3a76b8646ddf234c7653a4e89ea49827,106,2,1.5615735812178313,1.014694745817747,1.1761166760718746,1.0244413358811686
cfc_nojump,high_mobility,3,0,semantic,1.3484609404232145e+19,80,0.9049063087248324,1.0,1.2227550643168354,42.796,22,22,1,1,4,4,383ad219b0028c81fd2199f08869984858ee209825249b411665c5a56e097397,100,1,1.5615735812178313,1.014694745817747,1.1761166760718746,1.0244413358811686
gru_closed,high_mobility,3,0,throughput,1.3484609404232145e+19,86,0.8492212073490814,0.9230769230769232,0.650872581408971,49.524,27,26,1,1,4,0,f009dcd46aa15c4e951fec462cd926f2fc447763387f831ee7c1d6c2ed74f277,53,3,1.5615735812178313,1.014694745817747,1.1761166760718746,1.0244413358811686
gru_closed,high_mobility,3,0,semantic,1.3484609404232145e+19,86,0.8469114960629922,0.9230769230769232,0.6416676382655786,49.70399999999999,27,26,1,1,4,0,c72b226ddbb7414ed1e485a11497b8bfd89fb814ac05c3cc9f05b692087cb787,53,3,1.5615735812178313,1.014694745817747,1.1761166760718746,1.0244413358811686
oracle,high_mobility,3,1,throughput,1.3881620179256e+19,66,0.7642604484304931,0.8571428571428571,0.450695174655394,34.739999999999995,19,17,1,1,7,1,8d122bc5ca972ebeac365a94ff8e276a3baca4a5588a5bcd02f60825149be553,46,1,1.5615735812178313,1.014694745817747,1.1761166760718746,1.0244413358811686
oracle,high_mobility,3,1,semantic,1.3881620179256e+19,66,0.7880810762331837,0.8571428571428571,0.4447152232109262,34.919999999999995,19,17,1,1,7,1,996a311aa431945a59a1f0b7afedeb54d8fbd1c0a5e63344aaeb30ad078d89ed,47,1,1.5615735812178313,1.014694745817747,1.1761166760718746,1.0244413358811686
cfc_closed,high_mobility,3,1,throughput,1.3881620179256e+19,64,0.7581135238095238,0.8333333333333334,0.4813389406164596,42.164,21,19,0,0,3,0,3706fb23f8d7a41824f0a6e8ce4a07e44054dd6c119fbe20f75ecb8b26f82d70,55,2,1.5615735812178313,1.014694745817747,1.1761166760718746,1.0244413358811686
cfc_closed,high_mobility,3,1,semantic,1.3881620179256e+19,64,0.7581135238095238,0.8333333333333334,0.4765162882298952,42.164,21,19,0,0,3,0,06ed3e13e87654efbc103263ddbba56607b763543f0ccde2ee55721b7fee9a66,55,2,1.5615735812178313,1.014694745817747,1.1761166760718746,1.0244413358811686
cfc_nojump,high_mobility,3,1,throughput,1.3881620179256e+19,75,0.7763006646525679,0.9090909090909092,0.5285702586549778,40.892,25,22,1,0,3,0,587c1a8f7a211ca2f2a173a3f4ad63f99e518e47a7681d2b1b1b29bf1e4ce926,60,1,1.5615735812178313,1.014694745817747,1.1761166760718746,1.0244413358811686
cfc_nojump,high_mobility,3,1,semantic,1.3881620179256e+19,72,0.7966410596026489,0.9,0.4894396905487888,41.112,23,21,0,0,5,0,5a1acf0201b37b52cabaada1d6c068bb22f3b72d5466be0d7ab2ee631a45f39d,56,1,1.5615735812178313,1.014694745817747,1.1761166760718746,1.0244413358811686
gru_closed,high_mobility,3,1,throughput,1.3881620179256e+19,79,0.6902651194539248,0.7777777777777778,0.6226706439060317,46.09199999999999,26,23,0,0,4,0,0ec05441c7a80212b41b1cc19b15d44861f1f11174c0afab4297aa7bfb6117f0,67,1,1.5615735812178313,1.014694745817747,1.1761166760718746,1.0244413358811686
gru_closed,high_mobility,3,1,semantic,1.3881620179256e+19,79,0.6902651194539248,0.7777777777777778,0.612679975541192,46.09199999999999,26,23,0,0,4,0,7324c5ddfbad6968eddb318e0a2ac2714b07f35c873c9f39877fd9b91c981d94,70,1,1.5615735812178313,1.014694745817747,1.1761166760718746,1.0244413358811686
oracle,high_mobility,4,0,throughput,4.164312602658287e+18,63,0.9300719999999998,1.0,0.5340082873756353,34.879999999999995,18,18,1,0,6,1,193f3a8c0628de86b8b80be9764cb401e893bc10ef92bb00fe234a3cb1dc1fae,38,3,1.811562166914784,0.9214293653646748,1.088045875255125,0.999601943211818
oracle,high_mobility,4,0,semantic,4.164312602658287e+18,63,0.9300719999999998,1.0,0.5276501837330342,34.879999999999995,18,18,1,0,6,1,a97bf42876c00dff7def7c52eda0d5bafa8b556d20fb6486f6642b732b905dac,38,3,1.811562166914784,0.9214293653646748,1.088045875255125,0.999601943211818
cfc_closed,high_mobility,4,0,throughput,4.164312602658287e+18,68,0.8990852413793103,1.0,0.4337022598609565,34.84,20,19,2,2,5,0,1003b17c948de8854c0fe7226c44f28cb2b24b74c2078221770b8458a4fd107a,31,4,1.811562166914784,0.9214293653646748,1.088045875255125,0.999601943211818
cfc_closed,high_mobility,4,0,semantic,4.164312602658287e+18,65,0.8087057534246574,0.8571428571428571,0.7178955778670972,36.216,18,17,2,1,5,2,9a279fa92a97f1b6566da95f1e3ffaca575d999e381adaec107ca9ca0e7c6871,57,2,1.811562166914784,0.9214293653646748,1.088045875255125,0.999601943211818
cfc_nojump,high_mobility,4,0,throughput,4.164312602658287e+18,68,0.8990852413793103,1.0,0.4337022598609565,34.84,20,19,2,2,5,0,22b42f2d826eb740f22d5b0bf57bf8700cf954b65999a0685ede4645d511c7a6,31,4,1.811562166914784,0.9214293653646748,1.088045875255125,0.999601943211818
cfc_nojump,high_mobility,4,0,semantic,4.164312602658287e+18,59,0.9125697109826588,1.0,0.6383479917676125,38.048,17,17,1,1,6,0,eaab32ff7e33ff7558c992a3308c9ddec47e5676073b4af435da710c61703dfb,48,3,1.811562166914784,0.9214293653646748,1.088045875255125,0.999601943211818
gru_closed,high_mobility,4,0,throughput,4.164312602658287e+18,62,0.8881651141552511,1.0,0.3379189643823617,34.876,18,18,1,1,6,0,8f016c0e9c13f149a996efeb13e54e8dac37ed50ba572713f1cfec677f63bfe8,25,4,1.811562166914784,0.9214293653646748,1.088045875255125,0.999601943211818
gru_closed,high_mobility,4,0,semantic,4.164312602658287e+18,63,0.8841231654676259,1.0,0.4376026550277314,27.16,17,17,1,1,6,2,bc4e844df409e280155fb6c88a3529da988cf6c56d7f9a752c59135bf2a37dd6,30,4,1.811562166914784,0.9214293653646748,1.088045875255125,0.999601943211818
oracle,high_mobility,4,1,throughput,1.7832152847091595e+19,82,0.771263440233236,0.9090909090909092,0.5978305771309688,45.304,28,23,1,0,2,1,083c1ea65ef92a700af9c836360ca81c83e948152873b774c5e9e70b441beea8,74,1,1.811562166914784,0.9214293653646748,1.088045875255125,0.999601943211818
oracle,high_mobility,4,1,semantic,1.7832152847091595e+19,86,0.7403453506493505,0.8461538461538461,0.58802170279989,40.99999999999999,28,22,2,0,4,4,793b46b0e72a56a9e886755b582a83a0a2cf17b147db8c3d4d562c0d5c1b07c7,64,1,1.811562166914784,0.9214293653646748,1.088045875255125,0.999601943211818
cfc_closed,high_mobility,4,1,throughput,1.7832152847091595e+19,67,0.9116927075812272,1.0,0.526259702362454,40.78799999999999,22,21,0,0,2,0,a02ccd1fc21837f7fe416b394ed6eafc566eeb578770d1d73ce54a5667a50d59,46,5,1.811562166914784,0.9214293653646748,1.088045875255125,0.999601943211818
cfc_closed,high_mobility,4,1,semantic,1.7832152847091595e+19,67,0.9116927075812272,1.0,0.5182738155225717,40.78799999999999,22,21,0,0,2,0,158dc94f93431f0fc02cfc9f9aa2c57fd2cc77afe75c389da876375152fa85de,46,5,1.811562166914784,0.9214293653646748,1.088045875255125,0.999601943211818
cfc_nojump,high_mobility,4,1,throughput,1.7832152847091595e+19,67,0.9116927075812272,1.0,0.526259702362454,40.78799999999999,22,21,0,0,2,0,2954483dbeb3499cceee5567a073dd5b3a1bbae71cdb94cb0768020b961ae648,46,5,1.811562166914784,0.9214293653646748,1.088045875255125,0.999601943211818
cfc_nojump,high_mobility,4,1,semantic,1.7832152847091595e+19,67,0.9116927075812272,1.0,0.5182738155225717,40.78799999999999,22,21,0,0,2,0,e0d6ea03aa8c01f698bdc3a9c4b157743678edcdd32f96af86d1fc46f44b65a0,46,5,1.811562166914784,0.9214293653646748,1.088045875255125,0.999601943211818
gru_closed,high_mobility,4,1,throughput,1.7832152847091595e+19,77,0.8544196587030716,1.0,0.5751475382314976,43.00799999999999,26,22,0,0,3,0,664cd86edc1962d5fe5c1971e245168a22529948a4f202425f9cd190205854b3,49,2,1.811562166914784,0.9214293653646748,1.088045875255125,0.999601943211818
gru_closed,high_mobility,4,1,semantic,1.7832152847091595e+19,77,0.8544196587030716,1.0,0.5679205410222349,43.00799999999999,26,22,0,0,3,0,eff589dd47061aebce342a63254e33b09071aa5860e2a22722f131fed4ab5ad2,50,2,1.811562166914784,0.9214293653646748,1.088045875255125,0.999601943211818
oracle,high_mobility,5,0,throughput,1.6607502595091397e+19,64,0.8604930855018584,1.0,0.4434421169268924,35.087999999999994,20,19,1,1,3,0,87e1760da4c5c93df4cabb315a1367bf5cfb0596a3df42dc953a4b06622858fd,31,3,1.9327875193549395,1.0640237084832125,1.1115625998021117,1.1877283361629638
oracle,high_mobility,5,0,semantic,1.6607502595091397e+19,64,0.8572217100371745,1.0,0.4293630914441948,35.267999999999994,20,19,1,1,3,0,d3312369fc4b10a4a4491e205d240077b4248023a940dd4b5d33719b06697c17,32,3,1.9327875193549395,1.0640237084832125,1.1115625998021117,1.1877283361629638
cfc_closed,high_mobility,5,0,throughput,1.6607502595091397e+19,59,0.8344670967741934,0.875,0.4011382478623205,40.336,20,19,0,0,0,0,484fb82a9f96d22596bc5092d0722dee83098dca78222d8a52a0ee769487fe43,27,3,1.9327875193549395,1.0640237084832125,1.1115625998021117,1.1877283361629638
cfc_closed,high_mobility,5,0,semantic,1.6607502595091397e+19,59,0.8344670967741934,0.875,0.395621072851413,40.336,20,19,0,0,0,0,4c0b5fdf91f1caede371f9ead6679f2d30751389f42d4710d46cff9902c3408f,27,3,1.9327875193549395,1.0640237084832125,1.1115625998021117,1.1877283361629638
cfc_nojump,high_mobility,5,0,throughput,1.6607502595091397e+19,59,0.8344670967741934,0.875,0.4011382478623205,40.336,20,19,0,0,0,0,8f6e7ca5908e87e773d1bb5d0f32612aaa5394f607ba7cbe196c82d22325efb3,27,3,1.9327875193549395,1.0640237084832125,1.1115625998021117,1.1877283361629638
cfc_nojump,high_mobility,5,0,semantic,1.6607502595091397e+19,59,0.8344670967741934,0.875,0.395621072851413,40.336,20,19,0,0,0,0,d9fd9c45a7c37cc9ea69afb39da89dce747bc35cb283dfc43c0587de4ded9ad1,27,3,1.9327875193549395,1.0640237084832125,1.1115625998021117,1.1877283361629638
gru_closed,high_mobility,5,0,throughput,1.6607502595091397e+19,68,0.8142301805054148,0.8888888888888888,0.5561558276754383,36.10399999999999,22,18,2,1,0,2,5e697bd6dd92b0ee58182da9f0c80f8aec44bf78a581694b6b89254553aee9dc,38,2,1.9327875193549395,1.0640237084832125,1.1115625998021117,1.1877283361629638
gru_closed,high_mobility,5,0,semantic,1.6607502595091397e+19,73,0.9179253691275164,1.0,0.466944711482433,40.68399999999999,22,21,2,2,0,2,375e262a630f77e5c364fadbd0a7cac673430ee17fecb0a8ae012df5f23ae747,35,2,1.9327875193549395,1.0640237084832125,1.1115625998021117,1.1877283361629638
oracle,high_mobility,5,1,throughput,1.1771805990530589e+19,88,0.6884472727272725,0.75,0.7058675370468006,43.624,23,20,2,2,8,5,6bee520ca90875c247487cd22a46ef6f84e0542ad51d45c17ae295f1dfccb11b,82,1,1.9327875193549395,1.0640237084832125,1.1115625998021117,1.1877283361629638
oracle,high_mobility,5,1,semantic,1.1771805990530589e+19,81,0.5320037209302324,0.5,0.8748276996905497,36.78,22,17,2,1,8,5,3ecf163e4a2810cd5c78ea51d145711802779ee55a8f5992d9e1c3e0baffa04d,72,1,1.9327875193549395,1.0640237084832125,1.1115625998021117,1.1877283361629638
cfc_closed,high_mobility,5,1,throughput,1.1771805990530589e+19,68,0.8826141798941798,1.0,0.5810343758037256,46.1,21,21,0,0,5,0,dcd70aa3f3f4a21b9b7a10da0bb9cf46f330379c25ee75dd62c6a32517eda944,58,3,1.9327875193549395,1.0640237084832125,1.1115625998021117,1.1877283361629638
cfc_closed,high_mobility,5,1,semantic,1.1771805990530589e+19,81,0.8102308133971291,1.0,0.5503608326472003,48.49999999999999,26,22,1,0,4,1,d2d576f6fe1ca673e79951f66180098377d7ad63ceb4ff3eca8167e61deeba62,65,2,1.9327875193549395,1.0640237084832125,1.1115625998021117,1.1877283361629638
cfc_nojump,high_mobility,5,1,throughput,1.1771805990530589e+19,76,0.83579223880597,1.0,0.6362056315232429,51.152,24,23,0,0,5,0,44889367a3c862d1f556a06a58e5a68b0e2d36a4d967104873801779cf44f45c,70,2,1.9327875193549395,1.0640237084832125,1.1115625998021117,1.1877283361629638
cfc_nojump,high_mobility,5,1,semantic,1.1771805990530589e+19,87,0.8532813445378148,1.0,0.6228086656485308,59.04,28,26,0,0,5,0,2718090caf6c71e92643fa774db1b21562c10a5c0747d7da734070e38e3b9b3b,83,1,1.9327875193549395,1.0640237084832125,1.1115625998021117,1.1877283361629638
gru_closed,high_mobility,5,1,throughput,1.1771805990530589e+19,88,0.9011664957264957,1.0,0.6532904365059231,59.22,27,26,1,0,5,1,a0d73f60201f9acfcdf5a2c36e9bf8631ad9f28f3986f81dd6d4662b5c0ad9f9,80,1,1.9327875193549395,1.0640237084832125,1.1115625998021117,1.1877283361629638
gru_closed,high_mobility,5,1,semantic,1.1771805990530589e+19,89,0.916428034188034,1.0,0.6391110383058836,62.052,27,27,1,0,5,1,a3d34b5d7e2c0bda79acb51d17f419337c4077eaa5c63a9bfc67b9b2f86d7ea2,80,1,1.9327875193549395,1.0640237084832125,1.1115625998021117,1.1877283361629638
oracle,high_stress,0,0,throughput,7.385156492153813e+18,73,0.3817861027190332,0.4545454545454545,1.9788052566979488,23.056,25,13,2,2,4,3,0727d04a5753cc7213162613b11df860bad333a52691897f9c30dac57585eebe,152,2,0.9959635352429907,1.5759676832611658,0.8764294486584696,1.2997640460385569
oracle,high_stress,0,0,semantic,7.385156492153813e+18,73,0.4136553459119496,0.5,1.680897831145364,22.236,27,12,3,2,4,5,fb35b202e1293270d15601e8f12182ab88c765aa49beedf2fa908bf4c5db0b84,99,2,0.9959635352429907,1.5759676832611658,0.8764294486584696,1.2997640460385569
cfc_closed,high_stress,0,0,throughput,7.385156492153813e+18,83,0.7119199999999997,0.75,1.4156901462483025,44.984,22,22,3,2,2,5,4647fc7b9d0bc839f2bb333152f066559bb896c940a4e034b85fa3a2d248652f,124,3,0.9959635352429907,1.5759676832611658,0.8764294486584696,1.2997640460385569
cfc_closed,high_stress,0,0,semantic,7.385156492153813e+18,80,0.7549553583617745,0.8888888888888888,1.5349676094537346,47.088,26,24,1,1,2,0,6d24d332b4c12de1dfceebcf5215201b6fbef56abf0503d9510896f7057429c2,173,2,0.9959635352429907,1.5759676832611658,0.8764294486584696,1.2997640460385569
cfc_nojump,high_stress,0,0,throughput,7.385156492153813e+18,76,0.7621866666666663,0.875,0.8851335329417483,45.772,24,22,1,1,4,0,1b73d899e2b7317e891100ee5fbe391829032cb10b3fc5b8cbdbac2f49451726,87,2,0.9959635352429907,1.5759676832611658,0.8764294486584696,1.2997640460385569
cfc_nojump,high_stress,0,0,semantic,7.385156492153813e+18,79,0.680591515151515,0.75,1.396719779092566,46.56,24,22,2,1,3,2,bcff1307135e817dd43ad3e6991416b4f2956c0b113919cc14e8ce2576458414,139,2,0.9959635352429907,1.5759676832611658,0.8764294486584696,1.2997640460385569
gru_closed,high_stress,0,0,throughput,7.385156492153813e+18,115,0.5216,0.5,1.8174416079197613,57.95199999999999,31,27,3,2,6,8,14202df4f42748b22e9022816c7aaf769353f314d915246387f5ae8160d1f2bd,167,2,0.9959635352429907,1.5759676832611658,0.8764294486584696,1.2997640460385569
gru_closed,high_stress,0,0,semantic,7.385156492153813e+18,83,0.7277681159420288,0.875,1.5123304446592982,48.05599999999999,27,24,1,1,3,0,678ed08868e041837ffbbbf12d42d845c06bf162ecbbe3bdd347045b3d3d4c0c,148,2,0.9959635352429907,1.5759676832611658,0.8764294486584696,1.2997640460385569
oracle,high_stress,0,1,throughput,9.456390182744402e+18,66,0.8636261386138615,1.0,0.7358660050426836,33.744,19,16,4,4,4,0,5f4d6610b9397644e40788744c114a2d32ffce2b464ec3e377c03aa3649a43a8,71,2,0.9959635352429907,1.5759676832611658,0.8764294486584696,1.2997640460385569
oracle,high_stress,0,1,semantic,9.456390182744402e+18,66,0.8636261386138615,1.0,0.7230412764209351,33.744,19,16,4,4,4,0,d7659a60cf1f6a597c28fad883e2286c19af8351e15efe4a962b10804a0f72b4,72,2,0.9959635352429907,1.5759676832611658,0.8764294486584696,1.2997640460385569
cfc_closed,high_stress,0,1,throughput,9.456390182744402e+18,64,0.5806499115044245,0.6666666666666666,0.6041985623826032,32.176,25,14,3,2,3,0,f4d71e89870ccfab14f54482d34c32c91caf530dbf39e3aff37ca74dddd21eeb,69,2,0.9959635352429907,1.5759676832611658,0.8764294486584696,1.2997640460385569
cfc_closed,high_stress,0,1,semantic,9.456390182744402e+18,72,0.7083733333333331,0.8333333333333334,0.6614266002423473,35.756,24,16,3,3,3,0,ac4eb943cd01dbb5276bfe9845bc85302f67fe2fa5cc5554342ca54ea589347e,75,2,0.9959635352429907,1.5759676832611658,0.8764294486584696,1.2997640460385569
cfc_nojump,high_stress,0,1,throughput,9.456390182744402e+18,57,0.6093017475728154,0.6666666666666666,0.506627459639628,28.912,20,13,3,2,3,0,d902ae2cabcc8d7b1daacd801323508f3f7f012ac5e03364f85bb5cd06a791b0,43,3,0.9959635352429907,1.5759676832611658,0.8764294486584696,1.2997640460385569
cfc_nojump,high_stress,0,1,semantic,9.456390182744402e+18,57,0.6093017475728154,0.6666666666666666,0.4948445960683073,28.912,20,13,3,2,3,0,11cfeb070dc324639779e2836bfd2a6da9da4b83715b4dc0c3c2576cb124585e,44,3,0.9959635352429907,1.5759676832611658,0.8764294486584696,1.2997640460385569
gru_closed,high_stress,0,1,throughput,9.456390182744402e+18,56,0.6171701010101008,0.6666666666666666,0.4979117271076417,23.68,18,11,4,2,4,3,45fe752a0305fc31049d0ccfff60ee987096d81a5188bd9a3fc641b7d379fe4b,30,3,0.9959635352429907,1.5759676832611658,0.8764294486584696,1.2997640460385569
gru_closed,high_stress,0,1,semantic,9.456390182744402e+18,56,0.6171701010101008,0.6666666666666666,0.4841727224932032,23.68,18,11,4,2,4,3,c37a49c3e36dfdc49f671212c8a55ac36b6e85c48a6d29f7f2443533200eefd2,30,3,0.9959635352429907,1.5759676832611658,0.8764294486584696,1.2997640460385569
oracle,high_stress,1,0,throughput,6.331136780528621e+18,72,0.8789008071748876,1.0,1.0710810452957011,33.7,19,17,2,2,8,3,2c046a920aa16e4672646f1c12679c22b3a301218af8228a094bbddaffe237f8,63,2,1.2386101162154666,2.0233158147218577,0.8794198290264741,1.201571842012405
oracle,high_stress,1,0,semantic,6.331136780528621e+18,70,0.7835236529680363,0.8571428571428571,1.0848712294886274,32.52,18,16,2,2,8,3,dee5038c5252b4cd6bc21ab0222791a54f82034076bd809cb801515e75a8ad16,63,2,1.2386101162154666,2.0233158147218577,0.8794198290264741,1.201571842012405
cfc_closed,high_stress,1,0,throughput,6.331136780528621e+18,50,0.7719156650246305,0.8571428571428571,0.4793880137250518,24.28,14,13,2,1,4,1,1617e097b33309f2a2b736345465a3044b295f6eeaae87afad548a1fe7c543f4,27,7,1.2386101162154666,2.0233158147218577,0.8794198290264741,1.201571842012405
cfc_closed,high_stress,1,0,semantic,6.331136780528621e+18,50,0.7943199999999999,0.875,0.4728926401946282,22.628,14,13,2,1,4,1,752adb95c228ba9e09bb58fb27e7412db2d36d30b2c0ed8eb94a6fc88935b9c9,26,7,1.2386101162154666,2.0233158147218577,0.8794198290264741,1.201571842012405
cfc_nojump,high_stress,1,0,throughput,6.331136780528621e+18,59,0.888650616113744,1.0,0.6422086377612122,32.092,16,16,2,1,6,1,d6d1c2208ac2570e048138aca63107877ea920b0f4c36a24e076107486eda829,33,3,1.2386101162154666,2.0233158147218577,0.8794198290264741,1.201571842012405
cfc_nojump,high_stress,1,0,semantic,6.331136780528621e+18,59,0.888650616113744,1.0,0.6185747931050916,32.092,16,16,2,1,6,1,f6a50f3e2120f8ef713f0697881b02b486f61f6f201b91f31506ea8698f8bdd8,32,3,1.2386101162154666,2.0233158147218577,0.8794198290264741,1.201571842012405
gru_closed,high_stress,1,0,throughput,6.331136780528621e+18,45,0.6835265641025641,0.7142857142857143,0.5327281576137953,20.268,12,11,2,2,4,1,b5744a950c0d926a0cbd04164a6a9d68c4de601843bf339a67325f21d8e69f63,27,7,1.2386101162154666,2.0233158147218577,0.8794198290264741,1.201571842012405
gru_closed,high_stress,1,0,semantic,6.331136780528621e+18,45,0.6835265641025641,0.7142857142857143,0.5231323963696131,20.268,12,11,2,2,4,1,7837398f3891d07381850c44ad3f906ce13f2f3777cd128889077755c80ec384,27,7,1.2386101162154666,2.0233158147218577,0.8794198290264741,1.201571842012405
oracle,high_stress,1,1,throughput,1.6025079153957845e+19,49,0.1474666666666666,0.125,2.308643598698551,17.52,24,8,1,0,3,1,0a49ea1b1128a6c635de35b665af9c675cbb242d23f6925a6dcd1f13cf98ab40,111,2,1.2386101162154666,2.0233158147218577,0.8794198290264741,1.201571842012405
oracle,high_stress,1,1,semantic,1.6025079153957845e+19,48,0.1701661538461538,0.125,2.3075301778938764,17.7,23,8,1,0,3,1,2cc32cbf60cbd732a5c897be4fb9f3f2a22cf11bb0e47b90f2e3d0652041a18c,108,2,1.2386101162154666,2.0233158147218577,0.8794198290264741,1.201571842012405
cfc_closed,high_stress,1,1,throughput,1.6025079153957845e+19,87,0.9009338645418324,1.0,0.9700202753480328,54.748000000000005,26,24,1,0,4,3,8eaee4b62c0dead3e2f6aafe2f8bac37e63187cd2a24ab97a875c0e7713baaa3,119,2,1.2386101162154666,2.0233158147218577,0.8794198290264741,1.201571842012405
cfc_closed,high_stress,1,1,semantic,1.6025079153957845e+19,87,0.9009338645418324,1.0,0.9590325888562982,54.748000000000005,26,24,1,0,4,3,ae6b248a46e0d8416373d9367452884b058c1319dfca84eb7b524a84ee073885,119,2,1.2386101162154666,2.0233158147218577,0.8794198290264741,1.201571842012405
cfc_nojump,high_stress,1,1,throughput,1.6025079153957845e+19,60,0.8576065979381443,1.0,0.6037314436904099,28.512,17,14,1,1,6,2,7b71c23735d1c99a80a1caa485190826dd5f13fe3c67f8054388d9011f2024b4,67,4,1.2386101162154666,2.0233158147218577,0.8794198290264741,1.201571842012405
cfc_nojump,high_stress,1,1,semantic,1.6025079153957845e+19,73,0.8912210526315787,1.0,0.9761161755683408,37.048,17,16,2,2,5,7,6eabcc0ee7aadbe0c0d69cd53418bdf63f79b5443bc6223f36e436b7ed2c36ec,60,4,1.2386101162154666,2.0233158147218577,0.8794198290264741,1.201571842012405
gru_closed,high_stress,1,1,throughput,1.6025079153957845e+19,91,0.8675499625468164,1.0,0.8942377695254053,60.72399999999999,30,27,0,0,4,0,563b0cdca86dad2d575784d974c12009823a38865ae283c4cd0d1afb68a3562a,122,2,1.2386101162154666,2.0233158147218577,0.8794198290264741,1.201571842012405
gru_closed,high_stress,1,1,semantic,1.6025079153957845e+19,84,0.8961952123552119,1.0,1.1046196022606476,56.284,28,25,0,0,4,0,0c4bef0247c433a528dfef8dfd89a536b6fbd3f105d1d6c296069e29b6fe49c9,119,2,1.2386101162154666,2.0233158147218577,0.8794198290264741,1.201571842012405
oracle,high_stress,2,0,throughput,6.520314652609759e+18,73,0.7726547692307689,0.875,0.4420909958141588,47.068,23,22,1,1,3,0,97f987eda0d2bcfac74a2ae05a7fca77e6ff7e6852958286982cf38a78a0abdb,46,3,1.0267272075190053,1.8974267731788848,0.8909433108084306,1.440512971812952
oracle,high_stress,2,0,semantic,6.520314652609759e+18,81,0.7210457971014493,0.75,0.5217548396504972,56.208,27,25,1,0,1,0,90b62fdc984c66cb2fdca6eaf1669a5c9dd1212d58628a647a58d5cb6430da3e,62,2,1.0267272075190053,1.8974267731788848,0.8909433108084306,1.440512971812952
cfc_closed,high_stress,2,0,throughput,6.520314652609759e+18,61,0.8836753398058248,1.0,0.419380020283849,41.376,20,19,1,1,0,0,abf4faa1c1ee7379537cb25a7653187bbc42a302587a23708a0d963244a0a69f,48,3,1.0267272075190053,1.8974267731788848,0.8909433108084306,1.440512971812952
cfc_closed,high_stress,2,0,semantic,6.520314652609759e+18,61,0.8836753398058248,1.0,0.4196255705335563,41.376,20,19,1,1,0,0,52be0628a0338b4643439319cb89bd9388c3d0e623a6ea0c25d01318638339e2,48,3,1.0267272075190053,1.8974267731788848,0.8909433108084306,1.440512971812952
cfc_nojump,high_stress,2,0,throughput,6.520314652609759e+18,59,0.8154446560846558,1.0,0.4583653640264404,37.796,21,17,1,0,0,0,dc43cefe25986d810a5992a3fd29a03bd06f68a5fc0d751179da4f155ea8b57e,60,3,1.0267272075190053,1.8974267731788848,0.8909433108084306,1.440512971812952
cfc_nojump,high_stress,2,0,semantic,6.520314652609759e+18,59,0.8154446560846558,1.0,0.4596830155784306,37.796,21,17,1,0,0,0,796be31299c61d0b381708286cd65d2fd91a584ba18113c59e081a1e213561c2,60,3,1.0267272075190053,1.8974267731788848,0.8909433108084306,1.440512971812952
gru_closed,high_stress,2,0,throughput,6.520314652609759e+18,61,0.8578889320388345,1.0,0.419380020283849,41.196,20,19,1,1,0,0,55f97f8ccd8119f3d6207889a4594b40787a2d90157914a76b86c6176e517291,48,3,1.0267272075190053,1.8974267731788848,0.8909433108084306,1.440512971812952
gru_closed,high_stress,2,0,semantic,6.520314652609759e+18,61,0.8578889320388345,1.0,0.4196255705335563,41.196,20,19,1,1,0,0,4b926b725fcd6c1392f85c55acbfcecde578d093642a6d829ff3b1dc6c8f18e9,48,3,1.0267272075190053,1.8974267731788848,0.8909433108084306,1.440512971812952
oracle,high_stress,2,1,throughput,3.414318641986545e+18,75,0.5002892549019607,0.5714285714285714,1.2732956153488502,34.59199999999999,27,17,1,0,6,1,2b020d1cb19a013ddaaf4cf1712903d35b93b437ceb9fc88840ee306367d18d5,172,1,1.0267272075190053,1.8974267731788848,0.8909433108084306,1.440512971812952
oracle,high_stress,2,1,semantic,3.414318641986545e+18,99,0.6158738170347002,0.6666666666666666,0.7566593926611774,53.68799999999999,32,25,2,1,5,2,ed667fb934bb360569c0b4eb46abe8a6d79f54d3a0596f9d94fa79cadf8334c0,122,1,1.0267272075190053,1.8974267731788848,0.8909433108084306,1.440512971812952
cfc_closed,high_stress,2,1,throughput,3.414318641986545e+18,115,0.7768331531531532,0.7777777777777778,0.7348157422379346,76.664,36,34,1,0,4,2,adc5f17e9d70ecf0924810217bb52a7f2ee75e7460b49248ba78ef767b881b71,111,1,1.0267272075190053,1.8974267731788848,0.8909433108084306,1.440512971812952
cfc_closed,high_stress,2,1,semantic,3.414318641986545e+18,117,0.7664351335311572,0.7777777777777778,0.7222298491892417,76.664,37,34,1,0,4,2,4d64267aa2035ce935296a58789a7d18ac8a360cb8d70ceae904adae4b34fe53,112,1,1.0267272075190053,1.8974267731788848,0.8909433108084306,1.440512971812952
cfc_nojump,high_stress,2,1,throughput,3.414318641986545e+18,101,0.836688745519713,1.0,0.6534079134455852,61.828,33,28,1,0,4,1,0d647e32462596f20c6afd2697e7e3dd6ea50b6149ee96d74139e821f1e66540,134,1,1.0267272075190053,1.8974267731788848,0.8909433108084306,1.440512971812952
cfc_nojump,high_stress,2,1,semantic,3.414318641986545e+18,101,0.8352665232974907,1.0,0.6344894619485849,61.828,33,28,1,0,4,1,bc2a80dae3a68adde08ffb3b96b1ae30ef3f9e3dab7b116f50682657cb8de5f1,133,1,1.0267272075190053,1.8974267731788848,0.8909433108084306,1.440512971812952
gru_closed,high_stress,2,1,throughput,3.414318641986545e+18,107,0.7563545098039214,0.8666666666666667,0.5561512170117827,58.336,36,30,1,0,3,1,c701743a88500c3c9b6d4a6cdb75d79099c032dc955ab73f8172987219338047,100,1,1.0267272075190053,1.8974267731788848,0.8909433108084306,1.440512971812952
gru_closed,high_stress,2,1,semantic,3.414318641986545e+18,112,0.7253176247030876,0.8461538461538461,0.5426354933384082,58.556,37,29,2,0,3,6,6a047680e7e757ec632b49125582ae32b04c7627b120188e662a1f2910b0e349,89,1,1.0267272075190053,1.8974267731788848,0.8909433108084306,1.440512971812952
oracle,high_stress,3,0,throughput,1.175394796926829e+19,97,0.6484388185654006,0.8,0.970946302326852,54.532,33,23,2,1,5,2,83f7adfd04151630852391f801d39158bf899a071504fb8938cebf322523b789,158,1,0.9155451115267236,1.864725434573789,0.78370642790488,1.4081110078690002
oracle,high_stress,3,0,semantic,1.175394796926829e+19,106,0.611982473498233,0.7142857142857143,0.8880930966096606,50.61599999999999,34,23,3,1,8,7,c443d828a8f3584286bc6341ff2dedc2c57b3ddaac52111f87be9c1a4322e18a,150,1,0.9155451115267236,1.864725434573789,0.78370642790488,1.4081110078690002
cfc_closed,high_stress,3,0,throughput,1.175394796926829e+19,85,0.7001194029850745,0.75,0.6080473405368657,49.904,25,23,1,0,5,3,3e92a0b7658956dfb263cfdc5a5ff254deec98acdf1a62458961d5a2c14e4a70,63,2,0.9155451115267236,1.864725434573789,0.78370642790488,1.4081110078690002
cfc_closed,high_stress,3,0,semantic,1.175394796926829e+19,112,0.8709286075949366,1.0,0.5243867570763014,78.28399999999999,37,34,0,0,4,0,bce8634e7d84b2d0c4e1bc4ea8f5fa6d43756b8e552da8b11b2cfe7a12e5b389,65,1,0.9155451115267236,1.864725434573789,0.78370642790488,1.4081110078690002
cfc_nojump,high_stress,3,0,throughput,1.175394796926829e+19,85,0.7034029850746266,0.75,0.6609666546237494,49.724,25,23,1,0,5,3,34aff6a0d38352ba11c5469f0777a05d992f9bbb9ba79ce49dd866f95ef6ce4d,63,2,0.9155451115267236,1.864725434573789,0.78370642790488,1.4081110078690002
cfc_nojump,high_stress,3,0,semantic,1.175394796926829e+19,112,0.8730754430379746,1.0,0.5057720764294759,77.41999999999997,37,34,0,0,4,0,aa3c6d18588315c9dbf775ffdbb8b038212816c0dd33fe4c413f8de5dffd7011,66,1,0.9155451115267236,1.864725434573789,0.78370642790488,1.4081110078690002
gru_closed,high_stress,3,0,throughput,1.175394796926829e+19,96,0.7934312328767122,0.875,0.6668711179076073,64.80799999999999,31,29,0,0,5,0,d78c26b9926f1cfebaa26077e34115bc35838d85eededda11f744c30f1848c25,71,2,0.9155451115267236,1.864725434573789,0.78370642790488,1.4081110078690002
gru_closed,high_stress,3,0,semantic,1.175394796926829e+19,97,0.9017176859504132,1.0,0.7492713044348724,70.99199999999999,29,29,1,0,7,1,e324a929a31bf10160fc390d43ba9fec78f3b7b5521fd20afe37648cfc7a068d,71,1,0.9155451115267236,1.864725434573789,0.78370642790488,1.4081110078690002
oracle,high_stress,3,1,throughput,5.6327802488842304e+17,95,0.5343314285714285,0.5833333333333334,1.0407930899756372,42.124,35,20,2,1,4,5,46a1113f30b488b81db793185eb440487833c7c6a4c760c6034d7960db5cbcf2,231,2,0.9155451115267236,1.864725434573789,0.78370642790488,1.4081110078690002
oracle,high_stress,3,1,semantic,5.6327802488842304e+17,86,0.4471277037037035,0.4615384615384615,1.2927269378568431,40.112,33,20,1,1,3,0,4f242d9fdc6747e2a5c22c22c16e0eb439b58c002ad782e8ce67481067dbf428,240,2,0.9155451115267236,1.864725434573789,0.78370642790488,1.4081110078690002
cfc_closed,high_stress,3,1,throughput,5.6327802488842304e+17,101,0.6896443657817107,0.7272727272727273,0.8753192690590353,40.296,27,20,5,4,4,8,dcc2fd729f51a094ee4b4eb4934d81ce97063cceaed46c8ed30bb1174eb1c4a4,82,2,0.9155451115267236,1.864725434573789,0.78370642790488,1.4081110078690002
cfc_closed,high_stress,3,1,semantic,5.6327802488842304e+17,105,0.7619090598290598,0.8125,0.9272837990725442,54.332,33,28,2,2,3,2,4bdfa1410cb8e24a3bacdee1788b2253a17194648cd51685c2b1151fcbb2a440,89,3,0.9155451115267236,1.864725434573789,0.78370642790488,1.4081110078690002
cfc_nojump,high_stress,3,1,throughput,5.6327802488842304e+17,90,0.913747460815047,1.0,0.6705962803804604,38.42,22,21,4,4,3,7,449757ee77b8e87d2f4162fc558737d8fdf410931c0bff0348766ed2143da1dd,53,2,0.9155451115267236,1.864725434573789,0.78370642790488,1.4081110078690002
cfc_nojump,high_stress,3,1,semantic,5.6327802488842304e+17,88,0.921230646766169,1.0,0.4229000130012417,47.624,27,26,1,1,4,1,1c9014284437c25470b274669c533a081f77290dc498dddc73c168627aac38ca,41,3,0.9155451115267236,1.864725434573789,0.78370642790488,1.4081110078690002
gru_closed,high_stress,3,1,throughput,5.6327802488842304e+17,88,0.8256395505617977,0.9166666666666666,0.6758834050324287,45.26,26,24,2,2,2,3,6943fc1b7ceffba1dda21a5cf4f6f1fce0a3037616e2a5aad73c92ee14407bde,83,3,0.9155451115267236,1.864725434573789,0.78370642790488,1.4081110078690002
gru_closed,high_stress,3,1,semantic,5.6327802488842304e+17,89,0.9343729353233828,1.0,0.4921360337563367,50.38399999999999,27,27,2,1,3,1,c8e4e247b802ee821fb3254fdf0a60c7e555e42bd3815fd762d0c6d237596916,47,3,0.9155451115267236,1.864725434573789,0.78370642790488,1.4081110078690002
oracle,high_stress,4,0,throughput,8.283185946859295e+18,119,0.5936121518987341,0.6,1.805554173139336,55.204,33,24,4,3,2,13,79df50755a376e88f1607d9d82b4439c5caaab89a9efaa973a200109f74249e7,182,1,0.9411976696213802,1.890861229312436,0.914781306865464,1.220510394886834
oracle,high_stress,4,0,semantic,8.283185946859295e+18,80,0.5045634355828219,0.3333333333333333,2.054653582792958,43.308,25,19,2,2,3,2,92affa68510cd4c4472a1e1bb16cd266a6a6b8b4e5bbbe45497d15dbc2d770fa,161,3,0.9411976696213802,1.890861229312436,0.914781306865464,1.220510394886834
cfc_closed,high_stress,4,0,throughput,8.283185946859295e+18,97,0.8855856910569104,1.0,1.1976823293036094,60.887999999999984,30,28,2,1,2,2,5d9d19dddd65df6d7428bd2f7a76ac6458280b2613a250a307138d91fafb2b02,144,2,0.9411976696213802,1.890861229312436,0.914781306865464,1.220510394886834
cfc_closed,high_stress,4,0,semantic,8.283185946859295e+18,97,0.8889216479400748,1.0,1.192993590122169,59.48799999999999,30,28,2,1,2,2,87e87f7fae43761228e47c650edc6a276c48030bb2f268d8b9fd90d560665e6c,144,2,0.9411976696213802,1.890861229312436,0.914781306865464,1.220510394886834
cfc_nojump,high_stress,4,0,throughput,8.283185946859295e+18,116,0.8944777401129946,1.0,1.017310914172785,70.16799999999998,36,33,2,1,2,3,7616ebccf9fc0a121e780f4841d9bf3310e9cc3ec03769abdf554d07e6a6a6a6,143,1,0.9411976696213802,1.890861229312436,0.914781306865464,1.220510394886834
cfc_nojump,high_stress,4,0,semantic,8.283185946859295e+18,123,0.85952,0.9090909090909092,0.8120257693796393,77.14399999999996,37,37,2,1,3,3,9530e3f727a4176189051690816f61cdc622fbdf8c14d5bce38c3b24cd2e8ef7,120,1,0.9411976696213802,1.890861229312436,0.914781306865464,1.220510394886834
gru_closed,high_stress,4,0,throughput,8.283185946859295e+18,111,0.562422857142857,0.5,1.2028637267967597,65.78399999999999,35,27,4,2,2,7,fd78f4ad797e5f0c2a9242a5e3993c4f4c2823937cd360962d69e29539b1001a,97,1,0.9411976696213802,1.890861229312436,0.914781306865464,1.220510394886834
gru_closed,high_stress,4,0,semantic,8.283185946859295e+18,105,0.849434074074074,1.0,1.4595839614590018,65.81599999999999,30,27,3,3,2,5,6d48a4fcd1d504dd233f9f61873658c28b0ebed8e2dac7498afe670d83e1e473,148,1,0.9411976696213802,1.890861229312436,0.914781306865464,1.220510394886834
oracle,high_stress,4,1,throughput,6.939962734002782e+18,87,0.578695652173913,0.6666666666666666,1.336694069437955,30.332000000000004,29,16,3,1,4,9,8fff2fb3fb75f395d79bcc99f5f989794d76650eac5d4d35521c5eec81b60246,96,1,0.9411976696213802,1.890861229312436,0.914781306865464,1.220510394886834
oracle,high_stress,4,1,semantic,6.939962734002782e+18,97,0.7717643349753692,0.8571428571428571,1.310506293727793,42.52399999999999,28,25,2,2,4,4,092cbddcaee1ca5e592850e133d08b10620835c430ef69e1da31926ee83d8694,82,1,0.9411976696213802,1.890861229312436,0.914781306865464,1.220510394886834
cfc_closed,high_stress,4,1,throughput,6.939962734002782e+18,98,0.902214193548387,1.0,0.5605223303480656,53.89199999999999,30,28,1,0,5,2,2a039e03ee402a723b2c276c4f19da625df4b99add7305d0fda7f5307120d94d,53,2,0.9411976696213802,1.890861229312436,0.914781306865464,1.220510394886834
cfc_closed,high_stress,4,1,semantic,6.939962734002782e+18,98,0.902214193548387,1.0,0.5605388142261887,53.89199999999999,30,28,1,0,5,2,69e0346f7ab8db478aaf63f286ca54a2e75aa456cab2254fa7fdcb55cd155d70,54,2,0.9411976696213802,1.890861229312436,0.914781306865464,1.220510394886834
cfc_nojump,high_stress,4,1,throughput,6.939962734002782e+18,102,0.8465519327731089,1.0,0.5843469694894099,47.71599999999999,35,28,0,0,5,0,bc065c5f1af998afaf54868ea783dbbe708f48c9504a2b5f550832bb1bf03813,84,1,0.9411976696213802,1.890861229312436,0.914781306865464,1.220510394886834
cfc_nojump,high_stress,4,1,semantic,6.939962734002782e+18,100,0.8373106997742662,0.9333333333333332,0.5817881855440632,49.97599999999999,32,28,1,1,4,1,c57d70072818c02b3da8ed9e9240a3ddfb5e5789da130bc26cad6c45ccf4f2ac,69,2,0.9411976696213802,1.890861229312436,0.914781306865464,1.220510394886834
gru_closed,high_stress,4,1,throughput,6.939962734002782e+18,75,0.8587426989619374,1.0,0.6332347192353542,42.89999999999999,25,22,1,1,1,0,aaf10471ac183db46a51f9bedba9a5eb2160f32e40aed07b1b77501d959f48d1,58,1,0.9411976696213802,1.890861229312436,0.914781306865464,1.220510394886834
gru_closed,high_stress,4,1,semantic,6.939962734002782e+18,77,0.7903714649681526,0.9,0.6269348790032016,42.89999999999999,26,22,1,1,1,0,c1dbd8b31d13b8c689e81e84f8239a894413b48e9240474add9866625cf3ee1a,59,1,0.9411976696213802,1.890861229312436,0.914781306865464,1.220510394886834
oracle,high_stress,5,0,throughput,1.0302933272366326e+19,72,0.9107366542750932,1.0,0.4268203795414936,33.431999999999995,20,19,2,2,5,2,d2e4d4acdda385aebf6a3acef9256ea38a4a90885dc4d10f29b6aa86a3b3aeb8,35,3,1.150998568272982,1.9886588481664125,0.9554530060033032,1.0732200465452506
oracle,high_stress,5,0,semantic,1.0302933272366326e+19,75,0.9119273260073262,1.0,0.4147970915934664,36.264,21,20,2,2,5,2,67881f4d5fff214914783cc269f8bc1f6605a2f85213d1bd27e043f8b25199be,35,3,1.150998568272982,1.9886588481664125,0.9554530060033032,1.0732200465452506
cfc_closed,high_stress,5,0,throughput,1.0302933272366326e+19,82,0.9169748059701496,1.0,0.6749486933038171,49.52,26,26,1,1,2,0,257a80d08348eebe053ff4245679d63d33128a784fd5562b8992ca25d6cb5890,75,3,1.150998568272982,1.9886588481664125,0.9554530060033032,1.0732200465452506
cfc_closed,high_stress,5,0,semantic,1.0302933272366326e+19,82,0.9169748059701496,1.0,0.6755881241287826,49.52,26,26,1,1,2,0,a36c542bbcd8117883808a010844b94f5f6235b6c4e78347cbcd80de026a1e49,75,3,1.150998568272982,1.9886588481664125,0.9554530060033032,1.0732200465452506
cfc_nojump,high_stress,5,0,throughput,1.0302933272366326e+19,82,0.9169748059701496,1.0,0.6749486933038171,49.52,26,26,1,1,2,0,6ecb9340180dd11b8dccffde13e5866e1f1f8052029b9d96350cf8e980b4107b,75,3,1.150998568272982,1.9886588481664125,0.9554530060033032,1.0732200465452506
cfc_nojump,high_stress,5,0,semantic,1.0302933272366326e+19,88,0.715194606741573,0.75,1.0402843969476758,45.332,26,24,3,2,3,2,5c1871f63b1741ab922ba7510957f396a0efee9e9855155bce01890ffca654de,96,2,1.150998568272982,1.9886588481664125,0.9554530060033032,1.0732200465452506
gru_closed,high_stress,5,0,throughput,1.0302933272366326e+19,73,0.8313827758007117,0.8888888888888888,0.7513577132216542,44.688,23,23,1,1,2,0,3a477d80c28cb1ae193bc689b2e98af40ec3187808e0f2b98fe7ffcfdbf795d3,75,3,1.150998568272982,1.9886588481664125,0.9554530060033032,1.0732200465452506
gru_closed,high_stress,5,0,semantic,1.0302933272366326e+19,76,0.833637052631579,0.8888888888888888,0.7120439744482129,47.52,24,24,1,1,2,0,3ce9f67e97575339af5eaa576833b1c262c5f73ee4be3bcac20e5dbf233a2fe1,73,3,1.150998568272982,1.9886588481664125,0.9554530060033032,1.0732200465452506
oracle,high_stress,5,1,throughput,1.5913948695519146e+19,79,0.5509188039867109,0.6666666666666666,1.7450142134595077,32.907999999999994,28,17,1,0,5,3,0b709a3c01ef0fba5ef54d9cd131915aa9c2a24c778b39a9bedfe19a63dfad00,272,1,1.150998568272982,1.9886588481664125,0.9554530060033032,1.0732200465452506
oracle,high_stress,5,1,semantic,1.5913948695519146e+19,70,0.5141043621399176,0.7142857142857143,1.535003586052412,23.411999999999995,24,13,1,1,4,3,1a172b22f19836f0b1bb7e9c9cb0615ad0826ca103ad7cd700c24a59640fe131,207,1,1.150998568272982,1.9886588481664125,0.9554530060033032,1.0732200465452506
cfc_closed,high_stress,5,1,throughput,1.5913948695519146e+19,97,0.7220111959287532,0.7692307692307693,1.7736638201968609,56.26,30,29,2,1,3,1,28f5f9f7500d5b0349f402d2eb816733a782b3fcb167facd4f0030db539ae59b,147,1,1.150998568272982,1.9886588481664125,0.9554530060033032,1.0732200465452506
cfc_closed,high_stress,5,1,semantic,1.5913948695519146e+19,78,0.7891913375796179,0.9,1.2651949992435176,47.344,26,24,0,0,2,0,294c051db249046e8d233929c07042b872090bc8dae8cc951c952d02bc13f78c,123,3,1.150998568272982,1.9886588481664125,0.9554530060033032,1.0732200465452506
cfc_nojump,high_stress,5,1,throughput,1.5913948695519146e+19,109,0.7657114691943128,0.7857142857142857,1.366369360245264,60.108,32,29,2,1,2,6,789168ba59cb5df4f7962f2c1baaa91c711afd1e3a28bc32651a64954a7491ff,158,1,1.150998568272982,1.9886588481664125,0.9554530060033032,1.0732200465452506
cfc_nojump,high_stress,5,1,semantic,1.5913948695519146e+19,80,0.7744221383647799,0.9,1.2549228635250915,47.164,27,24,0,0,2,0,d818032910c591f19b074078f111a421b8b35e848a298502f3c07814e7347e40,114,3,1.150998568272982,1.9886588481664125,0.9554530060033032,1.0732200465452506
gru_closed,high_stress,5,1,throughput,1.5913948695519146e+19,82,0.6151659574468084,0.75,1.308379078649416,34.727999999999994,31,19,2,0,1,5,41ef7e7bfc5b2dc50f8c84cd002d68b1a834cf12dde8f6e51d35f30dece55715,105,3,1.150998568272982,1.9886588481664125,0.9554530060033032,1.0732200465452506
gru_closed,high_stress,5,1,semantic,1.5913948695519146e+19,95,0.7726206197183098,0.8181818181818182,1.269813772675435,62.24799999999998,31,30,1,0,0,1,3f1193ac06557db3d1008f72daf7708e5a7dbed4fcd13875cfedafb2f22a75cd,157,1,1.150998568272982,1.9886588481664125,0.9554530060033032,1.0732200465452506
cfc_openloop,id,0,0,throughput,1.3492057916867258e+19,59,0.7464677966101694,0.8,1.1949843469972052,38.152,18,17,0,0,6,0,5b825e297f9b9626493d9b2dea6f48d32556e63efef00ce184bba1ba9b5b2709,87,4,0.9206467734452074,1.2063837022836104,1.0036470800093098,0.9499792732766998
cfc_openloop,id,0,0,semantic,1.3492057916867258e+19,57,0.8650050370370369,1.0,1.2595683519229008,38.93999999999999,18,17,0,0,4,0,7a7e21d50ede5d3c64d7aaf7f1863e58748591ad071de19c4f003cb94ba64c15,89,4,0.9206467734452074,1.2063837022836104,1.0036470800093098,0.9499792732766998
cfc_openloop,id,0,1,throughput,1.6361355900082276e+19,76,0.6808562162162162,0.6666666666666666,0.5705612022805923,44.99199999999999,24,20,1,1,6,0,5919521ec1951be8c88ffb306e4f0ad84ebab937f2277604582bafc871b7538f,69,2,0.9206467734452074,1.2063837022836104,1.0036470800093098,0.9499792732766998
cfc_openloop,id,0,1,semantic,1.6361355900082276e+19,68,0.8506601360544217,1.0,0.6150751068932888,41.77199999999999,21,18,1,1,6,0,528bb13a5a9101d1ffb6e0b5f002053260690007d506866b6446b8717766a7a0,60,2,0.9206467734452074,1.2063837022836104,1.0036470800093098,0.9499792732766998
cfc_openloop,id,1,0,throughput,4.2162716410646605e+18,59,0.9253753535353534,1.0,0.5880684446423188,36.636,18,18,1,0,2,1,142f6d63031d16816f4bd1b52e46bf2cf39c8e87fe3abb0aec49733f64c150f1,49,4,1.0944151062864238,0.8080552496601954,1.0773550123488476,1.0266722229839926
cfc_openloop,id,1,0,semantic,4.2162716410646605e+18,59,0.9253753535353534,1.0,0.5827740097034928,36.636,18,18,1,0,2,1,e73dc1abddb02a6cbc2ef0c4bd5649df9d9820ebc1d0bf6d9b551b1c24b32880,49,4,1.0944151062864238,0.8080552496601954,1.0773550123488476,1.0266722229839926
cfc_openloop,id,1,1,throughput,4.02213150366005e+18,63,0.6747029126213592,0.6666666666666666,0.619531916239735,38.89999999999999,20,18,0,0,5,0,f010d8ab697737ca1a8d72701de304264c43582a3d416aa157950d500e057444,56,3,1.0944151062864238,0.8080552496601954,1.0773550123488476,1.0266722229839926
cfc_openloop,id,1,1,semantic,4.02213150366005e+18,83,0.8243824915824913,0.8888888888888888,0.7883737502775268,54.228,27,26,0,0,3,0,759c2cfcdab90b9b7e70545fc98972678018624f5bc87eacc3d49d5f5972d213,77,2,1.0944151062864238,0.8080552496601954,1.0773550123488476,1.0266722229839926
cfc_openloop,id,2,0,throughput,4.93799879306126e+18,86,0.9041491633466134,1.0,0.8315502691166023,56.596,26,26,1,1,2,2,01265d5a52a3c2a2b7be884126ca6d3e304263d184799ab0fa82fa77ce03dd26,93,2,0.7426218525569639,0.9246673544801688,0.8208961602905923,1.1613121578310033
cfc_openloop,id,2,0,semantic,4.93799879306126e+18,96,0.7896253721682848,0.8888888888888888,0.8229976043517,57.416,30,27,1,1,3,2,4e1d3d96777e50a73782a13ba7763f12ac729f6abe22ced5e3db3c69540364ae,88,2,0.7426218525569639,0.9246673544801688,0.8208961602905923,1.1613121578310033
cfc_openloop,id,2,1,throughput,1.4193313396705618e+19,72,0.8967568253968253,1.0,0.7423300319836779,42.07999999999999,21,21,2,2,3,1,82246471abe18c15e77bb8932f1ca00b94cf3fbaddfeb8095bae65d80e75de03,53,3,0.7426218525569639,0.9246673544801688,0.8208961602905923,1.1613121578310033
cfc_openloop,id,2,1,semantic,1.4193313396705618e+19,72,0.8967568253968253,1.0,0.7352837451966847,42.07999999999999,21,21,2,2,3,1,afcaf2be017c7ebc1b56c35a40de7c8f8a2e0b895a67e8895db28bfc0eeac1de,53,3,0.7426218525569639,0.9246673544801688,0.8208961602905923,1.1613121578310033
cfc_openloop,id,3,0,throughput,1.8322665974346465e+19,61,0.9050131320754716,1.0,0.7370633079733674,35.88,19,19,0,0,4,0,302dba1d2c7cd3c0f2052407d648100d67153e0336866b90f0c2b14a56c1f8a9,67,2,1.2203682605496011,1.1967914492430474,1.0242368740269356,0.92342376251519
cfc_openloop,id,3,0,semantic,1.8322665974346465e+19,61,0.9050131320754716,1.0,0.7437942481333716,35.88,19,19,0,0,4,0,f00abaf162219a8e433ed235f2cc6ae3dee8b56a70b43b76ea9201e20c025533,67,2,1.2203682605496011,1.1967914492430474,1.0242368740269356,0.92342376251519
cfc_openloop,id,3,1,throughput,1.316243099782796e+19,64,0.8756038095238093,1.0,0.5056818906219729,38.324,21,19,0,0,3,0,d3c1112b49f3759b71be235f812cd76922d362b8de36581a3c4cbaf573a094c9,43,2,1.2203682605496011,1.1967914492430474,1.0242368740269356,0.92342376251519
cfc_openloop,id,3,1,semantic,1.316243099782796e+19,64,0.8756038095238093,1.0,0.5000411726316824,38.324,21,19,0,0,3,0,2156f73c9fda6cab0bb7177709467b61987e384e507f325d5c989d3b0c3def71,45,2,1.2203682605496011,1.1967914492430474,1.0242368740269356,0.92342376251519
cfc_openloop,id,4,0,throughput,1.7126439950851834e+19,72,0.9181439999999996,1.0,0.5890564016904604,44.596,22,21,0,0,7,0,5a038f3d7264b68ecf65eab802a363951985d1f9b44a7de9bd365408791f7fa1,41,3,1.2785488958650764,0.9915783826090604,1.1190729702784916,1.0150355918679177
cfc_openloop,id,4,0,semantic,1.7126439950851834e+19,72,0.9181439999999996,1.0,0.5821552993716623,44.596,22,21,0,0,7,0,7679aeec596036b7d0fb52242cecd46fea8dc006abb548db6a34cb80e810cdb0,41,3,1.2785488958650764,0.9915783826090604,1.1190729702784916,1.0150355918679177
cfc_openloop,id,4,1,throughput,1.4201421121585965e+19,68,0.9285892063492064,1.0,0.52505311952331,42.872,21,21,0,0,5,0,2f20732e3d328892c6378c37fe7515983fc3127a4e84c088c1b7cf69a054f675,41,3,1.2785488958650764,0.9915783826090604,1.1190729702784916,1.0150355918679177
cfc_openloop,id,4,1,semantic,1.4201421121585965e+19,68,0.9285892063492064,1.0,0.5209240207096865,42.872,21,21,0,0,5,0,5a5f5abfa8f0ca14ae284f5134a94ff8a18d8f7d3e68bab8df1caeac52e68994,41,3,1.2785488958650764,0.9915783826090604,1.1190729702784916,1.0150355918679177
cfc_openloop,id,5,0,throughput,3.268761634602315e+18,95,0.8152861538461537,0.9,0.5261577932083941,62.21999999999999,32,29,0,0,2,0,5d4a5a8f1defe582511e19e3edc6bb9f79a6c9d21f0937bf3b30c496081094ce,71,5,1.278999642325394,1.1300213145185318,1.1066212018641954,1.1975249378327617
cfc_openloop,id,5,0,semantic,3.268761634602315e+18,97,0.8212828070175439,0.9,0.5192789354789226,62.39999999999999,33,29,0,0,3,0,a4fe392af4c9968939eeef3f3671237efa58bf547c1fa941d814be92e0cf6b14,73,5,1.278999642325394,1.1300213145185318,1.1066212018641954,1.1975249378327617
cfc_openloop,id,5,1,throughput,1.7100991412651287e+19,46,0.8359232520325202,1.0,0.3592292193398484,34.824,15,15,0,0,1,0,c96c18a3687b02a5ee676a1f91721cfde6e5f90b9ca9f24715348a65048bb11b,26,7,1.278999642325394,1.1300213145185318,1.1066212018641954,1.1975249378327617
cfc_openloop,id,5,1,semantic,1.7100991412651287e+19,46,0.8359232520325202,1.0,0.357662992884186,34.824,15,15,0,0,1,0,bc948c288b221e817405e18f970d4610b4d0b338978fdf4ff0e4b0d6c7cb881d,26,7,1.278999642325394,1.1300213145185318,1.1066212018641954,1.1975249378327617
cfc_openloop,high_mobility,0,0,throughput,7.25657157690021e+18,98,0.9046750684931504,1.0,0.7126548764337801,69.212,31,31,1,1,3,0,dddaa3933285f2217158f1b6ceef5da2dcbd1b5a9c87dc9d9cb6164ffb714cf9,94,2,1.574879148138536,1.0606824964952537,0.9685823691909724,1.171334671543386
cfc_openloop,high_mobility,0,0,semantic,7.25657157690021e+18,104,0.8726862769230767,1.0,0.5838665248847339,68.424,34,31,1,1,3,0,700a2296d9f7058271c9aa80296f8a231ade2353f66e517dc4dd75cf34a384e9,119,2,1.574879148138536,1.0606824964952537,0.9685823691909724,1.171334671543386
cfc_openloop,high_mobility,0,1,throughput,4.5165969791279995e+18,80,0.7441194029850745,0.8181818181818182,0.6314528029913952,49.56399999999999,26,25,1,0,2,0,be5618dc5ff37a20f45e3ac327cf0f3dd0d1e35dee2f0b377658e09396e770b1,61,3,1.574879148138536,1.0606824964952537,0.9685823691909724,1.171334671543386
cfc_openloop,high_mobility,0,1,semantic,4.5165969791279995e+18,72,0.8983359999999997,1.0,0.8722995724222622,48.68,23,23,0,0,3,0,54f22acfdc67d7ae31bad82f9d1102e816f2c960929ba42d7b375d8102dbe409,84,3,1.574879148138536,1.0606824964952537,0.9685823691909724,1.171334671543386
cfc_openloop,high_mobility,1,0,throughput,1.028646420975653e+19,49,0.8793221301775145,1.0,0.4855422856799544,34.532000000000004,16,16,0,0,1,0,c3c3fbf73b9f15586c15c2bb1d10215029aad68d080f76a1e1d5a054dd7042c6,37,2,1.848126889068885,1.2542382524573288,1.0466502254492889,1.138996213921581
cfc_openloop,high_mobility,1,0,semantic,1.028646420975653e+19,61,0.8868877533039644,1.0,0.5326084330411154,39.292,20,19,0,0,2,0,ecec2cc5292cad4038b4afb12390ef3342e3a5c7300664e54ee97ffba3df28d8,51,2,1.848126889068885,1.2542382524573288,1.0466502254492889,1.138996213921581
cfc_openloop,high_mobility,1,1,throughput,6.712834666293e+17,55,0.8902370776255707,1.0,0.5799170153513652,33.879999999999995,18,17,1,1,0,0,2e74297a99875da792b0eb215e0ac1adab8e277b8e9f818737ca556f6ad876d6,37,3,1.848126889068885,1.2542382524573288,1.0466502254492889,1.138996213921581
cfc_openloop,high_mobility,1,1,semantic,6.712834666293e+17,55,0.8902370776255707,1.0,0.5724702842042714,33.879999999999995,18,17,1,1,0,0,236226aab9ddfe019e52a43473ad1a4e893ab95f8d976603387a37e6b6a3aed6,37,3,1.848126889068885,1.2542382524573288,1.0466502254492889,1.138996213921581
cfc_openloop,high_mobility,2,0,throughput,1.2081494032943393e+19,83,0.825890420168067,1.0,0.6617662877965688,53.01599999999999,28,24,0,0,3,0,596e44e55df344b82c5f117cf82bbefe860281c01f8d610fdf5420877fbcee68,79,3,1.725363827542039,0.8025649294749819,1.1646950122950257,1.1316476026623483
cfc_openloop,high_mobility,2,0,semantic,1.2081494032943393e+19,83,0.825890420168067,1.0,0.6546022678892082,53.01599999999999,28,24,0,0,3,0,c9111011d313e483227fa47667b3b121c955e57abdd11e0c60db2810445808d2,79,3,1.725363827542039,0.8025649294749819,1.1646950122950257,1.1316476026623483
cfc_openloop,high_mobility,2,1,throughput,1.7326401670988102e+19,87,0.6690922985074624,0.7272727272727273,0.9486787944311734,45.984,26,23,2,2,6,1,46e862ad5b851101d11439b7b4a5b5b7d5a66483be7e6e1a9a5ca93257695228,87,3,1.725363827542039,0.8025649294749819,1.1646950122950257,1.1316476026623483
cfc_openloop,high_mobility,2,1,semantic,1.7326401670988102e+19,91,0.5821971948051946,0.6153846153846154,0.9406312542436168,45.984,28,23,2,2,6,1,5d7937f2bac67d11021d259c89fdbe50253dd14c341b350c912e2c901749f6d0,87,3,1.725363827542039,0.8025649294749819,1.1646950122950257,1.1316476026623483
cfc_openloop,high_mobility,3,0,throughput,1.3484609404232143e+19,75,0.9059069918699186,1.0,0.8218450501046951,42.38799999999999,24,24,0,0,3,0,618b94a3acb65ca259046b8353dca70e17d082fa002b143e15211a8986bfb9d1,73,2,1.5615735812178313,1.014694745817747,1.1761166760718746,1.0244413358811686
cfc_openloop,high_mobility,3,0,semantic,1.3484609404232143e+19,75,0.90352216802168,1.0,0.8094478757389852,42.56799999999999,24,24,0,0,3,0,2654c03f40943e29b5aaa1cde14f8fbba9de8f4f881f4a2de58fe17b833ebe34,73,2,1.5615735812178313,1.014694745817747,1.1761166760718746,1.0244413358811686
cfc_openloop,high_mobility,3,1,throughput,1.3881620179256e+19,64,0.7686400000000001,0.8571428571428571,0.4812958497490829,40.512,21,19,0,0,3,0,0a7b7d06cf1a15caa0c6185fca1e8d131627ea838789f2613c8a357cddfd8526,55,2,1.5615735812178313,1.014694745817747,1.1761166760718746,1.0244413358811686
cfc_openloop,high_mobility,3,1,semantic,1.3881620179256e+19,64,0.7686400000000001,0.8571428571428571,0.4760661343701202,40.512,21,19,0,0,3,0,3503a48822ea6c1ece0609f9998d6e9d9c2fee0c6335252de11007d60a539641,55,2,1.5615735812178313,1.014694745817747,1.1761166760718746,1.0244413358811686
cfc_openloop,high_mobility,4,0,throughput,4.1643126026582866e+18,60,0.9120395876288656,1.0,0.6830169642777263,37.260000000000005,17,17,2,2,5,0,8a585655c8062f18be4c6631298f11304f6bb1f3fb196b7b28d6533c19ff3b22,51,3,1.8115621669147837,0.9214293653646748,1.088045875255125,0.999601943211818
cfc_openloop,high_mobility,4,0,semantic,4.1643126026582866e+18,60,0.9120395876288656,1.0,0.6800258478560398,37.260000000000005,17,17,2,2,5,0,9867198bae396c4ec6e960a5491cbea52eb77bf6d155fe7654d825f2d5b23492,51,3,1.8115621669147837,0.9214293653646748,1.088045875255125,0.999601943211818
cfc_openloop,high_mobility,4,1,throughput,1.7832152847091597e+19,67,0.9036153068592055,1.0,0.5266506051339862,41.724,22,21,0,0,2,0,f7271fcddef157af4ed098d351575481a6eecae2e8ea05a975da909679baa1d2,46,5,1.8115621669147837,0.9214293653646748,1.088045875255125,0.999601943211818
cfc_openloop,high_mobility,4,1,semantic,1.7832152847091597e+19,67,0.9036153068592055,1.0,0.5185360071811316,41.724,22,21,0,0,2,0,9fd28ee06164c9542e22c34dd5b88f0ac14b88b840bf50c0c6e421be9f5cacbd,46,5,1.8115621669147837,0.9214293653646748,1.088045875255125,0.999601943211818
cfc_openloop,high_mobility,5,0,throughput,1.6607502595091397e+19,59,0.8344670967741934,0.875,0.3788121769944159,40.336,20,19,0,0,0,0,876820808bdcf1189909fd0a580ab8c8186f0718dace819d017a8683f64e2143,26,3,1.9327875193549395,1.0640237084832125,1.1115625998021117,1.1877283361629638
cfc_openloop,high_mobility,5,0,semantic,1.6607502595091397e+19,59,0.8344670967741934,0.875,0.3755367379614695,40.336,20,19,0,0,0,0,3c7b8a9fa8e7d149eb390b4379d7bfddd9f8bc751d0227a1cd764f57d8a50fee,26,3,1.9327875193549395,1.0640237084832125,1.1115625998021117,1.1877283361629638
cfc_openloop,high_mobility,5,1,throughput,1.1771805990530587e+19,75,0.8684099502487561,1.0,0.591435415212544,51.764,24,23,0,0,4,0,ebcb39be156679a7c28d6f2c79ece5e0d27e53d99b6fda73055e551f264fd274,62,3,1.9327875193549395,1.0640237084832125,1.1115625998021117,1.1877283361629638
cfc_openloop,high_mobility,5,1,semantic,1.1771805990530587e+19,75,0.8684099502487561,1.0,0.5870997657896442,51.764,24,23,0,0,4,0,15f1b2bcb74e73851869312a939977022759bd3cca7106e84325374d53792104,62,3,1.9327875193549395,1.0640237084832125,1.1115625998021117,1.1877283361629638
cfc_openloop,high_stress,0,0,throughput,7.385156492153813e+18,88,0.6213614723926378,0.7,1.3379304618314445,47.7,29,24,1,1,4,0,93b9bed4b6ef97cac3553ba40ec9bc09af5c5b1f09c93dd2b38e110c31adc69a,139,1,0.9959635352429907,1.5759676832611658,0.8764294486584696,1.2997640460385569
cfc_openloop,high_stress,0,0,semantic,7.385156492153813e+18,89,0.6524121212121211,0.8,1.4438015403879956,46.908,30,24,2,1,3,1,50e7a39cfb33cb68502b83d6d9da20c1bd5af6bd7b8d58b59db4c51b0bbb9b6c,175,1,0.9959635352429907,1.5759676832611658,0.8764294486584696,1.2997640460385569
cfc_openloop,high_stress,0,1,throughput,9.456390182744402e+18,64,0.7411790291262135,0.8333333333333334,0.4981166270400278,32.312,20,15,3,3,3,0,7f766f74a54b4d2c75886ed457bcaa764ee3445760f93b18141eab324bc882f0,46,5,0.9959635352429907,1.5759676832611658,0.8764294486584696,1.2997640460385569
cfc_openloop,high_stress,0,1,semantic,9.456390182744402e+18,63,0.7231596116504854,0.8333333333333334,0.5203444485945833,29.912,20,14,3,3,3,0,485c7b9709d66e37d0a6591cb61724cb6860138548f345bd8afbc03a5bc6f7b6,45,5,0.9959635352429907,1.5759676832611658,0.8764294486584696,1.2997640460385569
cfc_openloop,high_stress,1,0,throughput,6.331136780528621e+18,49,0.9171328514056224,1.0,0.3137838250065438,23.58,15,15,1,1,2,0,573f68a612fc4a0b20b8f800288ab86c2e6ae2a95921b5628af16d75575d3497,20,6,1.2386101162154666,2.0233158147218577,0.8794198290264741,1.201571842012405
cfc_openloop,high_stress,1,0,semantic,6.331136780528621e+18,49,0.9171328514056224,1.0,0.3066160898218799,23.58,15,15,1,1,2,0,477f8d6eca2dcd698240ab01596a4a5b4e4db1558d341851b270e27f29e959b2,20,6,1.2386101162154666,2.0233158147218577,0.8794198290264741,1.201571842012405
cfc_openloop,high_stress,1,1,throughput,1.6025079153957845e+19,77,0.8644134513274333,1.0,0.9489886060016792,52.092,25,23,0,0,4,0,f05fead12596d2ac3fc9446dd429ad8fc248f03fbb2b90969206c6efcacaf888,121,2,1.2386101162154666,2.0233158147218577,0.8794198290264741,1.201571842012405
cfc_openloop,high_stress,1,1,semantic,1.6025079153957845e+19,77,0.8644134513274333,1.0,0.9445913797263844,52.092,25,23,0,0,4,0,7498d10abda2259d53e77fc4eaac6158cab9edeaff7bfbdd2bae486e63d09cd5,122,2,1.2386101162154666,2.0233158147218577,0.8794198290264741,1.201571842012405
cfc_openloop,high_stress,2,0,throughput,6.520314652609759e+18,60,0.8792131147540982,1.0,0.5970366638075099,46.868,20,19,0,0,1,0,8b14ce51673d7ed1d84106aeda4846019672b7c0cd11b2a4ae39daa734455590,65,5,1.0267272075190053,1.8974267731788852,0.8909433108084306,1.440512971812952
cfc_openloop,high_stress,2,0,semantic,6.520314652609759e+18,60,0.8792131147540982,1.0,0.5955162741084832,46.868,20,19,0,0,1,0,c6c0dfd32798f1e7777e3409b897ffe50e918f5b37687efc6ac91da7f0343201,65,5,1.0267272075190053,1.8974267731788852,0.8909433108084306,1.440512971812952
cfc_openloop,high_stress,2,1,throughput,3.414318641986545e+18,98,0.7130516543209875,0.8461538461538461,0.6339382980840816,52.784,33,27,1,0,5,0,8658e9d1706a5e9fd5d159a1a88deacc77630e65614c2ba86df2fe88c69a8e3e,92,1,1.0267272075190053,1.8974267731788852,0.8909433108084306,1.440512971812952
cfc_openloop,high_stress,2,1,semantic,3.414318641986545e+18,112,0.8399791999999997,0.9166666666666666,0.6700084981247949,74.18,37,35,0,0,3,0,40729001b917e5fc2d8f2071d1b36301bdc10c33dc595f16c9fe1bf24f070089,111,1,1.0267272075190053,1.8974267731788852,0.8909433108084306,1.440512971812952
cfc_openloop,high_stress,3,0,throughput,1.175394796926829e+19,89,0.7597881690140844,0.875,0.6241057487888038,56.492,29,26,0,0,5,0,aa481d7bd23348a89af857c1d437957fcc499b874f6e1fdbe5714ae0d06fb2c6,79,2,0.9155451115267236,1.864725434573789,0.78370642790488,1.4081110078690002
cfc_openloop,high_stress,3,0,semantic,1.175394796926829e+19,99,0.8711437837837837,1.0,0.6617088467364747,68.92399999999999,32,31,0,0,4,0,6a0f1cfbc4f6f8d5ff9b1198534e8547e8ff8663a348fdd0e5289d3d00c3bda7,78,2,0.9155451115267236,1.864725434573789,0.78370642790488,1.4081110078690002
cfc_openloop,high_stress,3,1,throughput,5.6327802488842304e+17,84,0.8276746666666667,0.9166666666666666,0.6726490349341993,48.02,27,25,1,1,3,0,30fc1627d9ec4a1cd046211428d0bd3be997a2bff298c433b5a7e709efd55cbb,76,3,0.9155451115267236,1.864725434573789,0.78370642790488,1.4081110078690002
cfc_openloop,high_stress,3,1,semantic,5.6327802488842304e+17,78,0.7252890566037735,0.9,0.8987450463955959,39.20399999999999,27,21,1,1,1,0,58460f49943758d25f8065ecf80a687ab1d75be04fae6736a549bb6f1562aa94,121,2,0.9155451115267236,1.864725434573789,0.78370642790488,1.4081110078690002
cfc_openloop,high_stress,4,0,throughput,8.283185946859295e+18,107,0.7609887179487178,0.875,0.6041134665671152,69.1,36,31,1,1,2,0,498c1c62db2f8602ec37c42e20a9ff0cdeab3a4e6b015f788988ee0d55f1fec1,85,1,0.9411976696213802,1.890861229312436,0.914781306865464,1.220510394886834
cfc_openloop,high_stress,4,0,semantic,8.283185946859295e+18,110,0.8714441025641022,1.0,0.5653952743446058,75.26000000000002,36,34,1,1,2,0,65868001784d4840ab4400bc0f55b4bbb081c219baad0bd4b8288628baa7b7c2,83,1,0.9411976696213802,1.890861229312436,0.914781306865464,1.220510394886834
cfc_openloop,high_stress,4,1,throughput,6.939962734002782e+18,87,0.7254585614849187,0.8,0.7273296355785407,42.81599999999999,29,24,1,0,2,1,6380c403ef0b05ca0fc02900202941d35f2263c3612fb8dfe9e1160d2c73464c,75,2,0.9411976696213802,1.890861229312436,0.914781306865464,1.220510394886834
cfc_openloop,high_stress,4,1,semantic,6.939962734002782e+18,97,0.8387351752577321,0.9411764705882352,0.6723102758084771,44.77599999999999,32,27,1,1,2,1,e39cb340aaf1aa60be9935d8f02f543f241cc0102ab6420a5702a17048781994,77,2,0.9411976696213802,1.890861229312436,0.914781306865464,1.220510394886834
cfc_openloop,high_stress,5,0,throughput,1.0302933272366326e+19,73,0.8475239857651243,0.8888888888888888,0.8102845321593236,45.3,23,23,1,1,2,0,fac2a8c6c6d56730d319039f83bbab335c733d05c370a43a0542d54576227978,91,2,1.150998568272982,1.9886588481664125,0.9554530060033032,1.0732200465452506
cfc_openloop,high_stress,5,0,semantic,1.0302933272366326e+19,73,0.9090092307692303,1.0,1.0535373196586495,46.088,23,23,1,1,2,0,ae2fe9db3264783a0b57b5261a3f4f1fce5da4338e6cc97175c7e8ff0299e15c,116,2,1.150998568272982,1.9886588481664125,0.9554530060033032,1.0732200465452506
cfc_openloop,high_stress,5,1,throughput,1.5913948695519146e+19,95,0.8234192592592595,0.9090909090909092,1.2484276073325522,62.504,30,30,1,1,3,0,7555ee801583aed626cc376c649845ad561f15b1a3fb45c311978288aec30eb4,148,1,1.150998568272982,1.9886588481664125,0.9554530060033032,1.0732200465452506
cfc_openloop,high_stress,5,1,semantic,1.5913948695519146e+19,88,0.8166768484848486,0.9,1.3583501575484134,58.05999999999999,30,28,0,0,0,0,260aadc2d3bcfb242929bee9b780eef76ba422a4d39c67141b60b5804909fceb,167,1,1.150998568272982,1.9886588481664125,0.9554530060033032,1.0732200465452506
