regime,scenario,model,semantic,throughput,effect
high_mobility,0,cfc_closed,0.8337490320185084,0.8109616790881709,0.022787352930337512
high_mobility,0,cfc_nojump,0.823817435897436,0.8051544472584364,0.01866298863899951
high_mobility,0,gru_closed,0.796008924262996,0.5445957333333332,0.25141319092966274
high_mobility,0,oracle,0.6252786561609012,0.5816107627936915,0.043667893367209665
high_mobility,1,cfc_closed,0.8694399067599066,0.8645684475524472,0.00487145920745935
high_mobility,1,cfc_nojump,0.8650127397708671,0.8590164320785594,0.005996307692307745
high_mobility,1,gru_closed,0.861871188216039,0.8626305990180032,-0.0007594108019641777
high_mobility,1,oracle,0.8225329593189588,0.8240035635606554,-0.0014706042416966492
high_mobility,2,cfc_closed,0.8627225516178738,0.8057271581535437,0.056995393464330135
high_mobility,2,cfc_nojump,0.8220248543877032,0.7698000286969058,0.05222482569079745
high_mobility,2,gru_closed,0.8727355550723588,0.8374179008746356,0.03531765419772315
high_mobility,2,oracle,0.7662283583289525,0.759645548789259,0.006582809539693479
high_mobility,3,cfc_closed,0.7106331928397877,0.7334518533674338,-0.02281866052764614
high_mobility,3,cfc_nojump,0.8419553694461351,0.789873465705079,0.052081903741056146
high_mobility,3,gru_closed,0.8214928883157258,0.8174444588304624,0.004048429485263405
high_mobility,3,oracle,0.8059602504057499,0.7692806110267472,0.03667963937900276
high_mobility,4,cfc_closed,0.879994592419731,0.8711151214470283,0.008879470972702697
high_mobility,4,cfc_nojump,0.8429373814943095,0.869934677002584,-0.026997295508274455
high_mobility,4,gru_closed,0.8875620832753098,0.8510436789055342,0.0365184043697756
high_mobility,4,oracle,0.7931676985113999,0.8153809219936186,-0.022213223482218658
high_mobility,5,cfc_closed,0.8125825783972125,0.8383051327433628,-0.02572255434615034
high_mobility,5,cfc_nojump,0.8142821052631577,0.8439867768595041,-0.029704671596346377
high_mobility,5,gru_closed,0.8294405880366328,0.906574067316766,-0.07713347928013325
high_mobility,5,oracle,0.7040544770558835,0.7950197241927244,-0.09096524713684084
high_stress,0,cfc_closed,0.7112905086823287,0.6620831743941884,0.04920733428814028
high_stress,0,cfc_nojump,0.7109441428493656,0.6353110835058657,0.07563305934349984
high_stress,0,gru_closed,0.6132606580996884,0.530526019230769,0.08273463886891941
high_stress,0,oracle,0.6213276157972809,0.637246815701461,-0.015919199904180115
high_stress,1,cfc_closed,0.7984849711656838,0.760799644147901,0.03768532701778282
high_stress,1,cfc_nojump,0.8267155680449616,0.9043503066914498,-0.07763473864648818
high_stress,1,gru_closed,0.7868249958581216,0.7243836785555343,0.062441317302587285
high_stress,1,oracle,0.5652962115182287,0.45194677368062375,0.11334943783760498
high_stress,2,cfc_closed,0.8749388164428163,0.803236446650124,0.0717023697926924
high_stress,2,cfc_nojump,0.7331354318360027,0.8154047056091042,-0.08226927377310145
high_stress,2,gru_closed,0.8273268776685866,0.8008463189493431,0.026480558719243485
high_stress,2,oracle,0.6678105507246377,0.6513438235692057,0.01646672715543196
high_stress,3,cfc_closed,0.8588174306149257,0.6619883374896092,0.1968290931253165
high_stress,3,cfc_nojump,0.914507140464285,0.8074876594516593,0.1070194810126257
high_stress,3,gru_closed,0.8751777125788252,0.8497392683846636,0.025438444194161525
high_stress,3,oracle,0.4103874205762351,0.4840659815718156,-0.07367856099558046
high_stress,4,cfc_closed,0.8055679101726159,0.7064983516846788,0.09906955848793708
high_stress,4,cfc_nojump,0.8366185254323131,0.885692297226583,-0.04907377179426997
high_stress,4,gru_closed,0.8702671409028726,0.650046087437742,0.22022105346513066
high_stress,4,oracle,0.5993381420765025,0.47257231090245166,0.12676583117405082
high_stress,5,cfc_closed,0.8624881859866464,0.8142385857239854,0.04824960026266101
high_stress,5,cfc_nojump,0.7908339232952378,0.7866181416864031,0.004215781608834734
high_stress,5,gru_closed,0.8403596526530124,0.7216016149068323,0.1187580377461801
high_stress,5,oracle,0.7061296755956387,0.7280122251946257,-0.021882549598987056
id,0,cfc_closed,0.7443010976861723,0.8152250995950077,-0.07092400190883541
id,0,cfc_nojump,0.8635970189866993,0.6898292537313433,0.17376776525535598
id,0,gru_closed,0.7649059974259972,0.8709380086580085,-0.10603201123201134
id,0,oracle,0.8129591136657086,0.6756881285234788,0.1372709851422298
id,1,cfc_closed,0.8619656430540572,0.9122121330787665,-0.05024649002470927
id,1,cfc_nojump,0.8558242844555018,0.9287422159358791,-0.07291793148037728
id,1,gru_closed,0.8456924343101451,0.9335511217917906,-0.08785868748164549
id,1,oracle,0.9031651275762219,0.9176376514100785,-0.014472523833856554
id,2,cfc_closed,0.7219129549363604,0.4168325944272445,0.3050803605091159
id,2,cfc_nojump,0.6852186761889973,0.7448716823263755,-0.05965300613737812
id,2,gru_closed,0.8807580670194004,0.762106393162393,0.11865167385700737
id,2,oracle,0.5465120829864891,0.5050487268252398,0.0414633561612493
id,3,cfc_closed,0.7987750117497616,0.7953447145869272,0.0034302971628343837
id,3,cfc_nojump,0.771197384098544,0.771197384098544,0.0
id,3,gru_closed,0.8082936456456454,0.8835644206223028,-0.07527077497665735
id,3,oracle,0.832156800888642,0.8915950301434861,-0.0594382292548441
id,4,cfc_closed,0.6926134332084892,0.7626812856626939,-0.07006785245420466
id,4,cfc_nojump,0.8777691428571428,0.8776196592890677,0.00014948356807509278
id,4,gru_closed,0.7869647750865052,0.7869647750865052,0.0
id,4,oracle,0.8766318861634367,0.8842761871673972,-0.007644301003960519
id,5,cfc_closed,0.8824268546762586,0.8824268546762586,0.0
id,5,cfc_nojump,0.8778215370108435,0.8831289904761902,-0.005307453465346668
id,5,gru_closed,0.8745026778588136,0.8631417311132514,0.011360946745562206
id,5,oracle,0.7226433534309502,0.8499234464353791,-0.12728009300442888
